{"level":"info","message":"⌛ Validating pgmProgram.wpgm","timeElapsed":868,"timestamp":"2025-09-16T18:39:22.233Z"}
{"level":"info","message":"⌛ Building environment","timeElapsed":771,"timestamp":"2025-09-16T18:39:23.034Z"}
{"level":"info","message":"⌛ Building environment","timeElapsed":534,"timestamp":"2025-09-16T18:39:23.580Z"}
{"level":"info","message":"⌛ Building environment","timeElapsed":848,"timestamp":"2025-09-16T18:39:24.433Z"}
{"level":"info","message":"⌛ Building environment","timeElapsed":2408,"timestamp":"2025-09-16T18:39:26.932Z"}
{"level":"info","message":"⌛ Building environment","timeElapsed":697,"timestamp":"2025-09-16T18:39:27.634Z"}
{"level":"info","message":"⌛ Building environment","timeElapsed":1731,"timestamp":"2025-09-16T18:39:29.369Z"}
{"level":"info","message":"⌛ Validating pgmProgram.wpgm","timeElapsed":821,"timestamp":"2025-09-16T18:39:30.192Z"}
{"level":"info","message":"⌛ Building environment","timeElapsed":544,"timestamp":"2025-09-16T18:39:30.737Z"}
{"level":"info","message":"⌛ Building environment","timeElapsed":782,"timestamp":"2025-09-16T18:39:31.522Z"}
{"level":"info","message":"⌛ Building environment","timeElapsed":796,"timestamp":"2025-09-16T18:39:32.365Z"}
{"level":"info","message":"⌛ Building environment","timeElapsed":744,"timestamp":"2025-09-16T18:39:33.168Z"}
{"level":"info","message":"⌛ Validating pgmProgram.wpgm","timeElapsed":1831,"timestamp":"2025-09-16T18:39:35.167Z"}
{"level":"info","message":"⌛ Validating pgmProgram.wpgm","timeElapsed":869,"timestamp":"2025-09-16T18:39:36.066Z"}
{"level":"info","message":"⌛ Building environment","timeElapsed":653,"timestamp":"2025-09-16T18:39:36.766Z"}
{"level":"info","message":"⌛ Building environment","timeElapsed":1127,"timestamp":"2025-09-16T18:39:37.897Z"}
{"level":"info","message":"⌛ Validating pgmProgram.wpgm","timeElapsed":661,"timestamp":"2025-09-16T18:39:38.617Z"}
{"level":"info","message":"⌛ Building environment","timeElapsed":534,"timestamp":"2025-09-16T18:39:39.197Z"}
{"level":"info","message":"⌛ Building environment","timeElapsed":421,"timestamp":"2025-09-16T18:39:39.734Z"}
{"level":"info","message":"⌛ Building environment","timeElapsed":978,"timestamp":"2025-09-16T18:39:40.863Z"}
{"level":"info","message":"⌛ Building environment","timeElapsed":502,"timestamp":"2025-09-16T18:39:41.455Z"}
{"level":"info","message":"⌛ Building environment","timeElapsed":795,"timestamp":"2025-09-16T18:39:42.364Z"}
{"level":"info","message":"⌛ Validating pgmProgram.wpgm","timeElapsed":1129,"timestamp":"2025-09-16T18:39:43.588Z"}
{"level":"info","message":"⌛ Building environment","timeElapsed":501,"timestamp":"2025-09-16T18:39:44.171Z"}
{"level":"info","message":"⌛ Validating pgmProgram.wpgm","timeElapsed":540,"timestamp":"2025-09-16T18:39:44.801Z"}
{"level":"info","message":"⌛ Validating pgmProgram.wpgm","timeElapsed":521,"timestamp":"2025-09-16T18:39:45.327Z"}
{"level":"info","message":"⌛ Building environment","timeElapsed":736,"timestamp":"2025-09-16T18:39:46.069Z"}
{"level":"info","message":"⌛ Autocomplete - Body","timeElapsed":121,"timestamp":"2025-09-16T18:39:46.194Z"}
{"level":"info","message":"⌛ Building environment","timeElapsed":535,"timestamp":"2025-09-16T18:39:46.731Z"}
{"level":"info","message":"⌛ Validating pgmProgram.wpgm","timeElapsed":511,"timestamp":"2025-09-16T18:39:47.287Z"}
{"level":"info","message":"⌛ Building environment","timeElapsed":838,"timestamp":"2025-09-16T18:39:48.133Z"}
{"level":"info","message":"⌛ Building environment","timeElapsed":742,"timestamp":"2025-09-16T18:39:48.919Z"}
{"level":"info","message":"⌛ Building environment","timeElapsed":1081,"timestamp":"2025-09-16T18:39:50.118Z"}
{"level":"info","message":"⌛ Building environment","timeElapsed":914,"timestamp":"2025-09-16T18:39:51.135Z"}
{"level":"info","message":"⌛ Building environment","timeElapsed":689,"timestamp":"2025-09-16T18:39:51.870Z"}
{"level":"info","message":"⌛ Building environment","timeElapsed":457,"timestamp":"2025-09-16T18:39:52.372Z"}
{"level":"info","message":"⌛ Validating pgmProgram.wpgm","timeElapsed":646,"timestamp":"2025-09-16T18:39:53.167Z"}
{"level":"info","message":"⌛ Validating pgmProgram.wpgm","timeElapsed":698,"timestamp":"2025-09-16T18:39:53.866Z"}
{"level":"info","message":"⌛ Building environment","timeElapsed":566,"timestamp":"2025-09-16T18:39:54.438Z"}
{"level":"info","message":"⌛ Building environment","timeElapsed":508,"timestamp":"2025-09-16T18:39:54.962Z"}
{"level":"info","message":"⌛ Building environment","timeElapsed":676,"timestamp":"2025-09-16T18:39:55.647Z"}
{"level":"info","message":"⌛ Validating pgmProgram.wpgm","timeElapsed":1606,"timestamp":"2025-09-16T18:39:57.519Z"}
{"level":"info","message":"⌛ Building environment","timeElapsed":786,"timestamp":"2025-09-16T18:39:58.315Z"}
{"level":"info","message":"⌛ Building environment","timeElapsed":611,"timestamp":"2025-09-16T18:39:59.130Z"}
{"level":"info","message":"⌛ Building environment","timeElapsed":468,"timestamp":"2025-09-16T18:39:59.747Z"}
{"level":"info","message":"⌛ Building environment","timeElapsed":531,"timestamp":"2025-09-16T18:40:00.453Z"}
{"level":"info","message":"⌛ Building environment","timeElapsed":424,"timestamp":"2025-09-16T18:40:00.998Z"}
{"level":"info","message":"⌛ Building environment","timeElapsed":455,"timestamp":"2025-09-16T18:40:01.554Z"}
{"level":"info","message":"⌛ Validating pgmProgram.wpgm","timeElapsed":504,"timestamp":"2025-09-16T18:40:02.167Z"}
{"level":"info","message":"⌛ Validating pgmProgram.wpgm","timeElapsed":524,"timestamp":"2025-09-16T18:40:02.696Z"}
{"level":"info","message":"⌛ Building environment","timeElapsed":1050,"timestamp":"2025-09-16T18:40:03.749Z"}
{"level":"error","message":"✘ Completions for node Literal ([26:18, 26:21] - pgmProgram.wpgm) failed: Error: [Literal]{ecb704} at pgmProgram.wpgm:26 exhausted all cases without a match [Literal]{ecb704} at pgmProgram.wpgm:26 exhausted all cases without a match","stack":"Error: [Literal]{ecb704} at pgmProgram.wpgm:26 exhausted all cases without a match\n    at c:\\Users\\Andrea\\.vscode\\extensions\\uqbar.wollok-lsp-ide-0.5.3\\out\\server\\src\\server.js:38:6142\n    at D2 (c:\\Users\\Andrea\\.vscode\\extensions\\uqbar.wollok-lsp-ide-0.5.3\\out\\server\\src\\server.js:2384:42)\n    at Qh (c:\\Users\\Andrea\\.vscode\\extensions\\uqbar.wollok-lsp-ide-0.5.3\\out\\server\\src\\server.js:2384:1092)\n    at k6n (c:\\Users\\Andrea\\.vscode\\extensions\\uqbar.wollok-lsp-ide-0.5.3\\out\\server\\src\\server.js:2384:1248)\n    at c:\\Users\\Andrea\\.vscode\\extensions\\uqbar.wollok-lsp-ide-0.5.3\\out\\server\\src\\server.js:38:6131\n    at D2 (c:\\Users\\Andrea\\.vscode\\extensions\\uqbar.wollok-lsp-ide-0.5.3\\out\\server\\src\\server.js:2384:42)\n    at c:\\Users\\Andrea\\.vscode\\extensions\\uqbar.wollok-lsp-ide-0.5.3\\out\\server\\src\\server.js:2384:2988\n    at c:\\Users\\Andrea\\.vscode\\extensions\\uqbar.wollok-lsp-ide-0.5.3\\out\\server\\src\\server.js:2393:8440\n    at c:\\Users\\Andrea\\.vscode\\extensions\\uqbar.wollok-lsp-ide-0.5.3\\out\\server\\src\\server.js:37:74872\n    at Ye (c:\\Users\\Andrea\\.vscode\\extensions\\uqbar.wollok-lsp-ide-0.5.3\\out\\server\\src\\server.js:7:8527)","timestamp":"2025-09-16T18:40:03.875Z"}
{"level":"error","message":"✘ Completions for node Variable ([26:2, 26:21] - pgmProgram.wpgm) failed: Error: rivales [Variable]{307574} at pgmProgram.wpgm:26 exhausted all cases without a match rivales [Variable]{307574} at pgmProgram.wpgm:26 exhausted all cases without a match","stack":"Error: rivales [Variable]{307574} at pgmProgram.wpgm:26 exhausted all cases without a match\n    at c:\\Users\\Andrea\\.vscode\\extensions\\uqbar.wollok-lsp-ide-0.5.3\\out\\server\\src\\server.js:38:6142\n    at D2 (c:\\Users\\Andrea\\.vscode\\extensions\\uqbar.wollok-lsp-ide-0.5.3\\out\\server\\src\\server.js:2384:42)\n    at Qh (c:\\Users\\Andrea\\.vscode\\extensions\\uqbar.wollok-lsp-ide-0.5.3\\out\\server\\src\\server.js:2384:1092)\n    at D2 (c:\\Users\\Andrea\\.vscode\\extensions\\uqbar.wollok-lsp-ide-0.5.3\\out\\server\\src\\server.js:2384:544)\n    at Qh (c:\\Users\\Andrea\\.vscode\\extensions\\uqbar.wollok-lsp-ide-0.5.3\\out\\server\\src\\server.js:2384:1092)\n    at k6n (c:\\Users\\Andrea\\.vscode\\extensions\\uqbar.wollok-lsp-ide-0.5.3\\out\\server\\src\\server.js:2384:1248)\n    at c:\\Users\\Andrea\\.vscode\\extensions\\uqbar.wollok-lsp-ide-0.5.3\\out\\server\\src\\server.js:38:6131\n    at D2 (c:\\Users\\Andrea\\.vscode\\extensions\\uqbar.wollok-lsp-ide-0.5.3\\out\\server\\src\\server.js:2384:42)\n    at c:\\Users\\Andrea\\.vscode\\extensions\\uqbar.wollok-lsp-ide-0.5.3\\out\\server\\src\\server.js:2384:2988\n    at c:\\Users\\Andrea\\.vscode\\extensions\\uqbar.wollok-lsp-ide-0.5.3\\out\\server\\src\\server.js:2393:8440","timestamp":"2025-09-16T18:40:03.878Z"}
{"level":"info","message":"⌛ Autocomplete - Reference","timeElapsed":108,"timestamp":"2025-09-16T18:40:03.879Z"}
{"level":"info","message":"⌛ Building environment","timeElapsed":565,"timestamp":"2025-09-16T18:40:04.448Z"}
{"level":"info","message":"⌛ Building environment","timeElapsed":603,"timestamp":"2025-09-16T18:40:05.056Z"}
{"level":"info","message":"⌛ Building environment","timeElapsed":1433,"timestamp":"2025-09-16T18:40:06.500Z"}
{"level":"info","message":"⌛ Building environment","timeElapsed":668,"timestamp":"2025-09-16T18:40:07.252Z"}
{"level":"info","message":"⌛ Building environment","timeElapsed":698,"timestamp":"2025-09-16T18:40:08.034Z"}
{"level":"info","message":"⌛ Building environment","timeElapsed":390,"timestamp":"2025-09-16T18:40:08.519Z"}
{"level":"info","message":"⌛ Validating pgmProgram.wpgm","timeElapsed":678,"timestamp":"2025-09-16T18:40:09.400Z"}
{"level":"info","message":"⌛ Building environment","timeElapsed":629,"timestamp":"2025-09-16T18:40:10.031Z"}
{"level":"info","message":"⌛ Validating pgmProgram.wpgm","timeElapsed":819,"timestamp":"2025-09-16T18:40:11.131Z"}
{"level":"info","message":"⌛ Building environment","timeElapsed":3420,"timestamp":"2025-09-16T18:40:14.554Z"}
{"level":"info","message":"⌛ Building environment","timeElapsed":778,"timestamp":"2025-09-16T18:40:15.382Z"}
{"level":"info","message":"⌛ Validating pgmProgram.wpgm","timeElapsed":731,"timestamp":"2025-09-16T18:40:16.163Z"}
{"level":"info","message":"⌛ Building environment","timeElapsed":551,"timestamp":"2025-09-16T18:40:16.717Z"}
{"level":"info","message":"⌛ Building environment","timeElapsed":452,"timestamp":"2025-09-16T18:40:17.213Z"}
{"level":"info","message":"⌛ Validating pgmProgram.wpgm","timeElapsed":497,"timestamp":"2025-09-16T18:40:17.812Z"}
{"level":"info","message":"⌛ Building environment","timeElapsed":696,"timestamp":"2025-09-16T18:40:18.516Z"}
{"level":"info","message":"⌛ Building environment","timeElapsed":1003,"timestamp":"2025-09-16T18:40:19.521Z"}
{"level":"info","message":"⌛ Validating pgmProgram.wpgm","timeElapsed":507,"timestamp":"2025-09-16T18:40:20.171Z"}
{"level":"info","message":"⌛ Building environment","timeElapsed":947,"timestamp":"2025-09-16T18:40:21.123Z"}
{"level":"info","message":"⌛ Building environment","timeElapsed":706,"timestamp":"2025-09-16T18:40:21.849Z"}
{"level":"info","message":"⌛ Building environment","timeElapsed":1739,"timestamp":"2025-09-16T18:40:23.667Z"}
{"level":"info","message":"⌛ Building environment","timeElapsed":549,"timestamp":"2025-09-16T18:40:24.479Z"}
{"level":"info","message":"⌛ Building environment","timeElapsed":697,"timestamp":"2025-09-16T18:40:25.254Z"}
{"level":"info","message":"⌛ Building environment","timeElapsed":433,"timestamp":"2025-09-16T18:40:25.779Z"}
{"level":"info","message":"⌛ Building environment","timeElapsed":546,"timestamp":"2025-09-16T18:40:26.465Z"}
{"level":"info","message":"⌛ Building environment","timeElapsed":475,"timestamp":"2025-09-16T18:40:27.041Z"}
{"level":"info","message":"⌛ Building environment","timeElapsed":677,"timestamp":"2025-09-16T18:40:27.837Z"}
{"level":"info","message":"⌛ Building environment","timeElapsed":1257,"timestamp":"2025-09-16T18:40:29.190Z"}
{"level":"info","message":"⌛ Building environment","timeElapsed":694,"timestamp":"2025-09-16T18:40:30.015Z"}
{"level":"info","message":"⌛ Building environment","timeElapsed":1100,"timestamp":"2025-09-16T18:40:31.251Z"}
{"level":"info","message":"⌛ Validating pgmProgram.wpgm","timeElapsed":976,"timestamp":"2025-09-16T18:40:32.528Z"}
{"level":"info","message":"⌛ Validating pgmProgram.wpgm","timeElapsed":497,"timestamp":"2025-09-16T18:40:33.168Z"}
{"level":"info","message":"⌛ Validating pgmProgram.wpgm","timeElapsed":798,"timestamp":"2025-09-16T18:40:34.003Z"}
{"level":"info","message":"⌛ Validating pgmProgram.wpgm","timeElapsed":499,"timestamp":"2025-09-16T18:40:34.503Z"}
{"level":"info","message":"⌛ Validating pgmProgram.wpgm","timeElapsed":587,"timestamp":"2025-09-16T18:40:35.261Z"}
{"level":"info","message":"⌛ Validating pgmProgram.wpgm","timeElapsed":625,"timestamp":"2025-09-16T18:40:35.906Z"}
{"level":"info","message":"⌛ Building environment","timeElapsed":785,"timestamp":"2025-09-16T18:40:36.700Z"}
{"level":"info","message":"⌛ Validating pgmProgram.wpgm","timeElapsed":536,"timestamp":"2025-09-16T18:40:37.277Z"}
{"level":"info","message":"⌛ Validating pgmProgram.wpgm","timeElapsed":1719,"timestamp":"2025-09-16T18:40:39.001Z"}
{"level":"info","message":"⌛ Validating pgmProgram.wpgm","timeElapsed":544,"timestamp":"2025-09-16T18:40:39.550Z"}
{"level":"info","message":"⌛ Validating pgmProgram.wpgm","timeElapsed":640,"timestamp":"2025-09-16T18:40:40.223Z"}
{"level":"info","message":"⌛ Validating pgmProgram.wpgm","timeElapsed":661,"timestamp":"2025-09-16T18:40:40.890Z"}
{"level":"info","message":"⌛ Validating pgmProgram.wpgm","timeElapsed":716,"timestamp":"2025-09-16T18:40:41.611Z"}
{"level":"info","message":"⌛ Validating pgmProgram.wpgm","timeElapsed":724,"timestamp":"2025-09-16T18:40:42.337Z"}
{"level":"info","message":"⌛ Validating pgmProgram.wpgm","timeElapsed":772,"timestamp":"2025-09-16T18:40:43.171Z"}
{"level":"info","message":"⌛ Building environment","timeElapsed":461,"timestamp":"2025-09-16T18:40:43.634Z"}
{"level":"info","message":"⌛ Validating pgmProgram.wpgm","timeElapsed":675,"timestamp":"2025-09-16T18:40:44.415Z"}
{"level":"info","message":"⌛ Validating pgmProgram.wpgm","timeElapsed":801,"timestamp":"2025-09-16T18:40:45.217Z"}
{"level":"info","message":"⌛ Building environment","timeElapsed":655,"timestamp":"2025-09-16T18:40:45.919Z"}
{"level":"error","message":"✘ Completions for node Return (undefined - pgmProgram.wpgm) failed: Error: [Return]{32b51c} at pgmProgram.wpgm:-- exhausted all cases without a match [Return]{32b51c} at pgmProgram.wpgm:-- exhausted all cases without a match","stack":"Error: [Return]{32b51c} at pgmProgram.wpgm:-- exhausted all cases without a match\n    at c:\\Users\\Andrea\\.vscode\\extensions\\uqbar.wollok-lsp-ide-0.5.3\\out\\server\\src\\server.js:38:6142\n    at D2 (c:\\Users\\Andrea\\.vscode\\extensions\\uqbar.wollok-lsp-ide-0.5.3\\out\\server\\src\\server.js:2384:42)\n    at Qh (c:\\Users\\Andrea\\.vscode\\extensions\\uqbar.wollok-lsp-ide-0.5.3\\out\\server\\src\\server.js:2384:1092)\n    at k6n (c:\\Users\\Andrea\\.vscode\\extensions\\uqbar.wollok-lsp-ide-0.5.3\\out\\server\\src\\server.js:2384:1248)\n    at c:\\Users\\Andrea\\.vscode\\extensions\\uqbar.wollok-lsp-ide-0.5.3\\out\\server\\src\\server.js:38:6131\n    at D2 (c:\\Users\\Andrea\\.vscode\\extensions\\uqbar.wollok-lsp-ide-0.5.3\\out\\server\\src\\server.js:2384:42)\n    at c:\\Users\\Andrea\\.vscode\\extensions\\uqbar.wollok-lsp-ide-0.5.3\\out\\server\\src\\server.js:2384:2988\n    at c:\\Users\\Andrea\\.vscode\\extensions\\uqbar.wollok-lsp-ide-0.5.3\\out\\server\\src\\server.js:2393:8440\n    at c:\\Users\\Andrea\\.vscode\\extensions\\uqbar.wollok-lsp-ide-0.5.3\\out\\server\\src\\server.js:37:74872\n    at Ye (c:\\Users\\Andrea\\.vscode\\extensions\\uqbar.wollok-lsp-ide-0.5.3\\out\\server\\src\\server.js:7:8527)","timestamp":"2025-09-16T18:40:46.037Z"}
{"level":"info","message":"⌛ Autocomplete - Reference","timeElapsed":106,"timestamp":"2025-09-16T18:40:46.045Z"}
{"level":"info","message":"⌛ Building environment","timeElapsed":661,"timestamp":"2025-09-16T18:40:46.715Z"}
{"level":"info","message":"⌛ Building environment","timeElapsed":716,"timestamp":"2025-09-16T18:40:47.433Z"}
{"level":"info","message":"⌛ Validating pgmProgram.wpgm","timeElapsed":702,"timestamp":"2025-09-16T18:40:48.200Z"}
{"level":"info","message":"⌛ Validating pgmProgram.wpgm","timeElapsed":577,"timestamp":"2025-09-16T18:40:48.779Z"}
{"level":"info","message":"⌛ Building environment","timeElapsed":673,"timestamp":"2025-09-16T18:40:49.454Z"}
{"level":"info","message":"⌛ Building environment","timeElapsed":568,"timestamp":"2025-09-16T18:40:50.026Z"}
{"level":"info","message":"⌛ Validating pgmProgram.wpgm","timeElapsed":809,"timestamp":"2025-09-16T18:40:50.883Z"}
{"level":"info","message":"⌛ Building environment","timeElapsed":866,"timestamp":"2025-09-16T18:40:51.758Z"}
{"level":"info","message":"⌛ Building environment","timeElapsed":599,"timestamp":"2025-09-16T18:40:52.369Z"}
{"level":"info","message":"⌛ Building environment","timeElapsed":1574,"timestamp":"2025-09-16T18:40:53.967Z"}
{"level":"info","message":"⌛ Building environment","timeElapsed":787,"timestamp":"2025-09-16T18:40:55.039Z"}
{"level":"info","message":"⌛ Building environment","timeElapsed":731,"timestamp":"2025-09-16T18:40:55.883Z"}
{"level":"info","message":"⌛ Building environment","timeElapsed":640,"timestamp":"2025-09-16T18:40:56.608Z"}
{"level":"info","message":"⌛ Building environment","timeElapsed":647,"timestamp":"2025-09-16T18:40:57.374Z"}
{"level":"info","message":"⌛ Building environment","timeElapsed":1208,"timestamp":"2025-09-16T18:40:58.671Z"}
{"level":"info","message":"⌛ Building environment","timeElapsed":2649,"timestamp":"2025-09-16T18:41:01.392Z"}
{"level":"info","message":"⌛ Building environment","timeElapsed":1584,"timestamp":"2025-09-16T18:41:03.109Z"}
{"level":"info","message":"⌛ Building environment","timeElapsed":456,"timestamp":"2025-09-16T18:41:03.657Z"}
{"level":"info","message":"⌛ Validating pgmProgram.wpgm","timeElapsed":538,"timestamp":"2025-09-16T18:41:04.306Z"}
{"level":"info","message":"⌛ Validating pgmProgram.wpgm","timeElapsed":653,"timestamp":"2025-09-16T18:41:04.986Z"}
{"level":"error","message":"✘ Failed to rebuild document Failed to parse pgmProgram.wpgm: \n-- PARSING FAILED --------------------------------------------------\n\n  32 | \t\tgame.say(personaje, \"Me quedan \" + personaje.vidas() + \" vidas\")\n  33 | \t\tif (personaje)\n> 34 | \t\t})\n     |   ^\n  35 | \t})\n  36 | \n\nExpected one of the following: \n\nexpression, sentence\n","stack":"Error: Failed to parse pgmProgram.wpgm: \n-- PARSING FAILED --------------------------------------------------\n\n  32 | \t\tgame.say(personaje, \"Me quedan \" + personaje.vidas() + \" vidas\")\n  33 | \t\tif (personaje)\n> 34 | \t\t})\n     |   ^\n  35 | \t})\n  36 | \n\nExpected one of the following: \n\nexpression, sentence\n\n    at c:\\Users\\Andrea\\.vscode\\extensions\\uqbar.wollok-lsp-ide-0.5.3\\out\\server\\src\\server.js:2348:13026\n    at Array.map (<anonymous>)\n    at W1n (c:\\Users\\Andrea\\.vscode\\extensions\\uqbar.wollok-lsp-ide-0.5.3\\out\\server\\src\\server.js:2348:12950)\n    at U2.buildEnvironmentFrom (c:\\Users\\Andrea\\.vscode\\extensions\\uqbar.wollok-lsp-ide-0.5.3\\out\\server\\src\\server.js:2393:5254)\n    at U2.updateEnvironmentWith (c:\\Users\\Andrea\\.vscode\\extensions\\uqbar.wollok-lsp-ide-0.5.3\\out\\server\\src\\server.js:2393:4989)\n    at JF (c:\\Users\\Andrea\\.vscode\\extensions\\uqbar.wollok-lsp-ide-0.5.3\\out\\server\\src\\server.js:2393:7383)\n    at F3.invoke (c:\\Users\\Andrea\\.vscode\\extensions\\uqbar.wollok-lsp-ide-0.5.3\\out\\server\\src\\server.js:3:157334)\n    at o.fire (c:\\Users\\Andrea\\.vscode\\extensions\\uqbar.wollok-lsp-ide-0.5.3\\out\\server\\src\\server.js:3:158104)\n    at c:\\Users\\Andrea\\.vscode\\extensions\\uqbar.wollok-lsp-ide-0.5.3\\out\\server\\src\\server.js:37:57871\n    at Zr (c:\\Users\\Andrea\\.vscode\\extensions\\uqbar.wollok-lsp-ide-0.5.3\\out\\server\\src\\server.js:8:1561)","timestamp":"2025-09-16T18:41:05.306Z"}
{"level":"info","message":"⌛ Validating pgmProgram.wpgm","timeElapsed":774,"timestamp":"2025-09-16T18:41:06.115Z"}
{"level":"info","message":"⌛ Validating pgmProgram.wpgm","timeElapsed":978,"timestamp":"2025-09-16T18:41:07.116Z"}
{"level":"info","message":"⌛ Validating pgmProgram.wpgm","timeElapsed":749,"timestamp":"2025-09-16T18:41:07.870Z"}
{"level":"info","message":"⌛ Validating pgmProgram.wpgm","timeElapsed":3655,"timestamp":"2025-09-16T18:41:11.554Z"}
{"level":"info","message":"⌛ Validating pgmProgram.wpgm","timeElapsed":781,"timestamp":"2025-09-16T18:41:12.402Z"}
{"level":"info","message":"⌛ Validating pgmProgram.wpgm","timeElapsed":611,"timestamp":"2025-09-16T18:41:13.216Z"}
{"level":"info","message":"⌛ Validating pgmProgram.wpgm","timeElapsed":497,"timestamp":"2025-09-16T18:41:13.802Z"}
{"level":"info","message":"⌛ Validating pgmProgram.wpgm","timeElapsed":567,"timestamp":"2025-09-16T18:41:14.483Z"}
{"level":"error","message":"✘ Failed to rebuild document Failed to parse pgmProgram.wpgm: \n-- PARSING FAILED --------------------------------------------------\n\n  32 | \t\tgame.say(personaje, \"Me quedan \" + personaje.vidas() + \" vidas\")\n  33 | \t\tif (personaje )\n> 34 | \t\t})\n     |   ^\n  35 | \t})\n  36 | \n\nExpected one of the following: \n\nexpression, sentence\n","stack":"Error: Failed to parse pgmProgram.wpgm: \n-- PARSING FAILED --------------------------------------------------\n\n  32 | \t\tgame.say(personaje, \"Me quedan \" + personaje.vidas() + \" vidas\")\n  33 | \t\tif (personaje )\n> 34 | \t\t})\n     |   ^\n  35 | \t})\n  36 | \n\nExpected one of the following: \n\nexpression, sentence\n\n    at c:\\Users\\Andrea\\.vscode\\extensions\\uqbar.wollok-lsp-ide-0.5.3\\out\\server\\src\\server.js:2348:13026\n    at Array.map (<anonymous>)\n    at W1n (c:\\Users\\Andrea\\.vscode\\extensions\\uqbar.wollok-lsp-ide-0.5.3\\out\\server\\src\\server.js:2348:12950)\n    at U2.buildEnvironmentFrom (c:\\Users\\Andrea\\.vscode\\extensions\\uqbar.wollok-lsp-ide-0.5.3\\out\\server\\src\\server.js:2393:5254)\n    at U2.updateEnvironmentWith (c:\\Users\\Andrea\\.vscode\\extensions\\uqbar.wollok-lsp-ide-0.5.3\\out\\server\\src\\server.js:2393:4989)\n    at JF (c:\\Users\\Andrea\\.vscode\\extensions\\uqbar.wollok-lsp-ide-0.5.3\\out\\server\\src\\server.js:2393:7383)\n    at F3.invoke (c:\\Users\\Andrea\\.vscode\\extensions\\uqbar.wollok-lsp-ide-0.5.3\\out\\server\\src\\server.js:3:157334)\n    at o.fire (c:\\Users\\Andrea\\.vscode\\extensions\\uqbar.wollok-lsp-ide-0.5.3\\out\\server\\src\\server.js:3:158104)\n    at c:\\Users\\Andrea\\.vscode\\extensions\\uqbar.wollok-lsp-ide-0.5.3\\out\\server\\src\\server.js:37:57871\n    at Zr (c:\\Users\\Andrea\\.vscode\\extensions\\uqbar.wollok-lsp-ide-0.5.3\\out\\server\\src\\server.js:8:1561)","timestamp":"2025-09-16T18:41:17.871Z"}
{"level":"info","message":"⌛ Validating pgmProgram.wpgm","timeElapsed":708,"timestamp":"2025-09-16T18:41:18.624Z"}
{"level":"error","message":"✘ Failed to rebuild document Failed to parse pgmProgram.wpgm: \n-- PARSING FAILED --------------------------------------------------\n\n  32 | \t\tgame.say(personaje, \"Me quedan \" + personaje.vidas() + \" vidas\")\n  33 | \t\tif (personaje)\n> 34 | \t\t})\n     |   ^\n  35 | \t})\n  36 | \n\nExpected one of the following: \n\nexpression, sentence\n","stack":"Error: Failed to parse pgmProgram.wpgm: \n-- PARSING FAILED --------------------------------------------------\n\n  32 | \t\tgame.say(personaje, \"Me quedan \" + personaje.vidas() + \" vidas\")\n  33 | \t\tif (personaje)\n> 34 | \t\t})\n     |   ^\n  35 | \t})\n  36 | \n\nExpected one of the following: \n\nexpression, sentence\n\n    at c:\\Users\\Andrea\\.vscode\\extensions\\uqbar.wollok-lsp-ide-0.5.3\\out\\server\\src\\server.js:2348:13026\n    at Array.map (<anonymous>)\n    at W1n (c:\\Users\\Andrea\\.vscode\\extensions\\uqbar.wollok-lsp-ide-0.5.3\\out\\server\\src\\server.js:2348:12950)\n    at U2.buildEnvironmentFrom (c:\\Users\\Andrea\\.vscode\\extensions\\uqbar.wollok-lsp-ide-0.5.3\\out\\server\\src\\server.js:2393:5254)\n    at U2.updateEnvironmentWith (c:\\Users\\Andrea\\.vscode\\extensions\\uqbar.wollok-lsp-ide-0.5.3\\out\\server\\src\\server.js:2393:4989)\n    at JF (c:\\Users\\Andrea\\.vscode\\extensions\\uqbar.wollok-lsp-ide-0.5.3\\out\\server\\src\\server.js:2393:7383)\n    at F3.invoke (c:\\Users\\Andrea\\.vscode\\extensions\\uqbar.wollok-lsp-ide-0.5.3\\out\\server\\src\\server.js:3:157334)\n    at o.fire (c:\\Users\\Andrea\\.vscode\\extensions\\uqbar.wollok-lsp-ide-0.5.3\\out\\server\\src\\server.js:3:158104)\n    at c:\\Users\\Andrea\\.vscode\\extensions\\uqbar.wollok-lsp-ide-0.5.3\\out\\server\\src\\server.js:37:57871\n    at Zr (c:\\Users\\Andrea\\.vscode\\extensions\\uqbar.wollok-lsp-ide-0.5.3\\out\\server\\src\\server.js:8:1561)","timestamp":"2025-09-16T18:41:18.742Z"}
{"level":"error","message":"✘ Failed to rebuild document Failed to parse pgmProgram.wpgm: \n-- PARSING FAILED --------------------------------------------------\n\n  31 | \t\tpersonaje.perderVida()\n  32 | \t\tgame.say(personaje, \"Me quedan \" + personaje.vidas() + \" vidas\")\n> 33 | \t\tif (personaje.)\n     |                 ^\n  34 | \t\t})\n  35 | \t})\n\nExpected one of the following: \n\nexpression, sentence\n","stack":"Error: Failed to parse pgmProgram.wpgm: \n-- PARSING FAILED --------------------------------------------------\n\n  31 | \t\tpersonaje.perderVida()\n  32 | \t\tgame.say(personaje, \"Me quedan \" + personaje.vidas() + \" vidas\")\n> 33 | \t\tif (personaje.)\n     |                 ^\n  34 | \t\t})\n  35 | \t})\n\nExpected one of the following: \n\nexpression, sentence\n\n    at c:\\Users\\Andrea\\.vscode\\extensions\\uqbar.wollok-lsp-ide-0.5.3\\out\\server\\src\\server.js:2348:13026\n    at Array.map (<anonymous>)\n    at W1n (c:\\Users\\Andrea\\.vscode\\extensions\\uqbar.wollok-lsp-ide-0.5.3\\out\\server\\src\\server.js:2348:12950)\n    at U2.buildEnvironmentFrom (c:\\Users\\Andrea\\.vscode\\extensions\\uqbar.wollok-lsp-ide-0.5.3\\out\\server\\src\\server.js:2393:5254)\n    at U2.updateEnvironmentWith (c:\\Users\\Andrea\\.vscode\\extensions\\uqbar.wollok-lsp-ide-0.5.3\\out\\server\\src\\server.js:2393:4989)\n    at JF (c:\\Users\\Andrea\\.vscode\\extensions\\uqbar.wollok-lsp-ide-0.5.3\\out\\server\\src\\server.js:2393:7383)\n    at F3.invoke (c:\\Users\\Andrea\\.vscode\\extensions\\uqbar.wollok-lsp-ide-0.5.3\\out\\server\\src\\server.js:3:157334)\n    at o.fire (c:\\Users\\Andrea\\.vscode\\extensions\\uqbar.wollok-lsp-ide-0.5.3\\out\\server\\src\\server.js:3:158104)\n    at c:\\Users\\Andrea\\.vscode\\extensions\\uqbar.wollok-lsp-ide-0.5.3\\out\\server\\src\\server.js:37:57871\n    at Zr (c:\\Users\\Andrea\\.vscode\\extensions\\uqbar.wollok-lsp-ide-0.5.3\\out\\server\\src\\server.js:8:1561)","timestamp":"2025-09-16T18:41:19.058Z"}
{"level":"info","message":"⌛ Validating pgmProgram.wpgm","timeElapsed":696,"timestamp":"2025-09-16T18:41:19.973Z"}
{"level":"info","message":"⌛ Validating pgmProgram.wpgm","timeElapsed":517,"timestamp":"2025-09-16T18:41:20.502Z"}
{"level":"error","message":"✘ Failed to rebuild document Failed to parse pgmProgram.wpgm: \n-- PARSING FAILED --------------------------------------------------\n\n  32 | \t\tgame.say(personaje, \"Me quedan \" + personaje.vidas() + \" vidas\")\n  33 | \t\tif (personaje.f)\n> 34 | \t\t})\n     |   ^\n  35 | \t})\n  36 | \n\nExpected one of the following: \n\nexpression, sentence\n","stack":"Error: Failed to parse pgmProgram.wpgm: \n-- PARSING FAILED --------------------------------------------------\n\n  32 | \t\tgame.say(personaje, \"Me quedan \" + personaje.vidas() + \" vidas\")\n  33 | \t\tif (personaje.f)\n> 34 | \t\t})\n     |   ^\n  35 | \t})\n  36 | \n\nExpected one of the following: \n\nexpression, sentence\n\n    at c:\\Users\\Andrea\\.vscode\\extensions\\uqbar.wollok-lsp-ide-0.5.3\\out\\server\\src\\server.js:2348:13026\n    at Array.map (<anonymous>)\n    at W1n (c:\\Users\\Andrea\\.vscode\\extensions\\uqbar.wollok-lsp-ide-0.5.3\\out\\server\\src\\server.js:2348:12950)\n    at U2.buildEnvironmentFrom (c:\\Users\\Andrea\\.vscode\\extensions\\uqbar.wollok-lsp-ide-0.5.3\\out\\server\\src\\server.js:2393:5254)\n    at U2.updateEnvironmentWith (c:\\Users\\Andrea\\.vscode\\extensions\\uqbar.wollok-lsp-ide-0.5.3\\out\\server\\src\\server.js:2393:4989)\n    at JF (c:\\Users\\Andrea\\.vscode\\extensions\\uqbar.wollok-lsp-ide-0.5.3\\out\\server\\src\\server.js:2393:7383)\n    at F3.invoke (c:\\Users\\Andrea\\.vscode\\extensions\\uqbar.wollok-lsp-ide-0.5.3\\out\\server\\src\\server.js:3:157334)\n    at o.fire (c:\\Users\\Andrea\\.vscode\\extensions\\uqbar.wollok-lsp-ide-0.5.3\\out\\server\\src\\server.js:3:158104)\n    at c:\\Users\\Andrea\\.vscode\\extensions\\uqbar.wollok-lsp-ide-0.5.3\\out\\server\\src\\server.js:37:57871\n    at Zr (c:\\Users\\Andrea\\.vscode\\extensions\\uqbar.wollok-lsp-ide-0.5.3\\out\\server\\src\\server.js:8:1561)","timestamp":"2025-09-16T18:41:20.951Z"}
{"level":"error","message":"✘ Failed to rebuild document Failed to parse pgmProgram.wpgm: \n-- PARSING FAILED --------------------------------------------------\n\n  32 | \t\tgame.say(personaje, \"Me quedan \" + personaje.vidas() + \" vidas\")\n  33 | \t\tif (personaje.fi)\n> 34 | \t\t})\n     |   ^\n  35 | \t})\n  36 | \n\nExpected one of the following: \n\nexpression, sentence\n","stack":"Error: Failed to parse pgmProgram.wpgm: \n-- PARSING FAILED --------------------------------------------------\n\n  32 | \t\tgame.say(personaje, \"Me quedan \" + personaje.vidas() + \" vidas\")\n  33 | \t\tif (personaje.fi)\n> 34 | \t\t})\n     |   ^\n  35 | \t})\n  36 | \n\nExpected one of the following: \n\nexpression, sentence\n\n    at c:\\Users\\Andrea\\.vscode\\extensions\\uqbar.wollok-lsp-ide-0.5.3\\out\\server\\src\\server.js:2348:13026\n    at Array.map (<anonymous>)\n    at W1n (c:\\Users\\Andrea\\.vscode\\extensions\\uqbar.wollok-lsp-ide-0.5.3\\out\\server\\src\\server.js:2348:12950)\n    at U2.buildEnvironmentFrom (c:\\Users\\Andrea\\.vscode\\extensions\\uqbar.wollok-lsp-ide-0.5.3\\out\\server\\src\\server.js:2393:5254)\n    at U2.updateEnvironmentWith (c:\\Users\\Andrea\\.vscode\\extensions\\uqbar.wollok-lsp-ide-0.5.3\\out\\server\\src\\server.js:2393:4989)\n    at JF (c:\\Users\\Andrea\\.vscode\\extensions\\uqbar.wollok-lsp-ide-0.5.3\\out\\server\\src\\server.js:2393:7383)\n    at F3.invoke (c:\\Users\\Andrea\\.vscode\\extensions\\uqbar.wollok-lsp-ide-0.5.3\\out\\server\\src\\server.js:3:157334)\n    at o.fire (c:\\Users\\Andrea\\.vscode\\extensions\\uqbar.wollok-lsp-ide-0.5.3\\out\\server\\src\\server.js:3:158104)\n    at c:\\Users\\Andrea\\.vscode\\extensions\\uqbar.wollok-lsp-ide-0.5.3\\out\\server\\src\\server.js:37:57871\n    at Zr (c:\\Users\\Andrea\\.vscode\\extensions\\uqbar.wollok-lsp-ide-0.5.3\\out\\server\\src\\server.js:8:1561)","timestamp":"2025-09-16T18:41:21.153Z"}
{"level":"error","message":"✘ Failed to rebuild document Failed to parse pgmProgram.wpgm: \n-- PARSING FAILED --------------------------------------------------\n\n  32 | \t\tgame.say(personaje, \"Me quedan \" + personaje.vidas() + \" vidas\")\n  33 | \t\tif (personaje.f)\n> 34 | \t\t})\n     |   ^\n  35 | \t})\n  36 | \n\nExpected one of the following: \n\nexpression, sentence\n","stack":"Error: Failed to parse pgmProgram.wpgm: \n-- PARSING FAILED --------------------------------------------------\n\n  32 | \t\tgame.say(personaje, \"Me quedan \" + personaje.vidas() + \" vidas\")\n  33 | \t\tif (personaje.f)\n> 34 | \t\t})\n     |   ^\n  35 | \t})\n  36 | \n\nExpected one of the following: \n\nexpression, sentence\n\n    at c:\\Users\\Andrea\\.vscode\\extensions\\uqbar.wollok-lsp-ide-0.5.3\\out\\server\\src\\server.js:2348:13026\n    at Array.map (<anonymous>)\n    at W1n (c:\\Users\\Andrea\\.vscode\\extensions\\uqbar.wollok-lsp-ide-0.5.3\\out\\server\\src\\server.js:2348:12950)\n    at U2.buildEnvironmentFrom (c:\\Users\\Andrea\\.vscode\\extensions\\uqbar.wollok-lsp-ide-0.5.3\\out\\server\\src\\server.js:2393:5254)\n    at U2.updateEnvironmentWith (c:\\Users\\Andrea\\.vscode\\extensions\\uqbar.wollok-lsp-ide-0.5.3\\out\\server\\src\\server.js:2393:4989)\n    at JF (c:\\Users\\Andrea\\.vscode\\extensions\\uqbar.wollok-lsp-ide-0.5.3\\out\\server\\src\\server.js:2393:7383)\n    at F3.invoke (c:\\Users\\Andrea\\.vscode\\extensions\\uqbar.wollok-lsp-ide-0.5.3\\out\\server\\src\\server.js:3:157334)\n    at o.fire (c:\\Users\\Andrea\\.vscode\\extensions\\uqbar.wollok-lsp-ide-0.5.3\\out\\server\\src\\server.js:3:158104)\n    at c:\\Users\\Andrea\\.vscode\\extensions\\uqbar.wollok-lsp-ide-0.5.3\\out\\server\\src\\server.js:37:57871\n    at Zr (c:\\Users\\Andrea\\.vscode\\extensions\\uqbar.wollok-lsp-ide-0.5.3\\out\\server\\src\\server.js:8:1561)","timestamp":"2025-09-16T18:41:21.390Z"}
{"level":"error","message":"✘ Failed to rebuild document Failed to parse pgmProgram.wpgm: \n-- PARSING FAILED --------------------------------------------------\n\n  31 | \t\tpersonaje.perderVida()\n  32 | \t\tgame.say(personaje, \"Me quedan \" + personaje.vidas() + \" vidas\")\n> 33 | \t\tif (personaje.)\n     |                 ^\n  34 | \t\t})\n  35 | \t})\n\nExpected one of the following: \n\nexpression, sentence\n","stack":"Error: Failed to parse pgmProgram.wpgm: \n-- PARSING FAILED --------------------------------------------------\n\n  31 | \t\tpersonaje.perderVida()\n  32 | \t\tgame.say(personaje, \"Me quedan \" + personaje.vidas() + \" vidas\")\n> 33 | \t\tif (personaje.)\n     |                 ^\n  34 | \t\t})\n  35 | \t})\n\nExpected one of the following: \n\nexpression, sentence\n\n    at c:\\Users\\Andrea\\.vscode\\extensions\\uqbar.wollok-lsp-ide-0.5.3\\out\\server\\src\\server.js:2348:13026\n    at Array.map (<anonymous>)\n    at W1n (c:\\Users\\Andrea\\.vscode\\extensions\\uqbar.wollok-lsp-ide-0.5.3\\out\\server\\src\\server.js:2348:12950)\n    at U2.buildEnvironmentFrom (c:\\Users\\Andrea\\.vscode\\extensions\\uqbar.wollok-lsp-ide-0.5.3\\out\\server\\src\\server.js:2393:5254)\n    at U2.updateEnvironmentWith (c:\\Users\\Andrea\\.vscode\\extensions\\uqbar.wollok-lsp-ide-0.5.3\\out\\server\\src\\server.js:2393:4989)\n    at JF (c:\\Users\\Andrea\\.vscode\\extensions\\uqbar.wollok-lsp-ide-0.5.3\\out\\server\\src\\server.js:2393:7383)\n    at F3.invoke (c:\\Users\\Andrea\\.vscode\\extensions\\uqbar.wollok-lsp-ide-0.5.3\\out\\server\\src\\server.js:3:157334)\n    at o.fire (c:\\Users\\Andrea\\.vscode\\extensions\\uqbar.wollok-lsp-ide-0.5.3\\out\\server\\src\\server.js:3:158104)\n    at c:\\Users\\Andrea\\.vscode\\extensions\\uqbar.wollok-lsp-ide-0.5.3\\out\\server\\src\\server.js:37:57871\n    at Zr (c:\\Users\\Andrea\\.vscode\\extensions\\uqbar.wollok-lsp-ide-0.5.3\\out\\server\\src\\server.js:8:1561)","timestamp":"2025-09-16T18:41:21.537Z"}
{"level":"error","message":"✘ Failed to rebuild document Failed to parse pgmProgram.wpgm: \n-- PARSING FAILED --------------------------------------------------\n\n  32 | \t\tgame.say(personaje, \"Me quedan \" + personaje.vidas() + \" vidas\")\n  33 | \t\tif (personaje.j)\n> 34 | \t\t})\n     |   ^\n  35 | \t})\n  36 | \n\nExpected one of the following: \n\nexpression, sentence\n","stack":"Error: Failed to parse pgmProgram.wpgm: \n-- PARSING FAILED --------------------------------------------------\n\n  32 | \t\tgame.say(personaje, \"Me quedan \" + personaje.vidas() + \" vidas\")\n  33 | \t\tif (personaje.j)\n> 34 | \t\t})\n     |   ^\n  35 | \t})\n  36 | \n\nExpected one of the following: \n\nexpression, sentence\n\n    at c:\\Users\\Andrea\\.vscode\\extensions\\uqbar.wollok-lsp-ide-0.5.3\\out\\server\\src\\server.js:2348:13026\n    at Array.map (<anonymous>)\n    at W1n (c:\\Users\\Andrea\\.vscode\\extensions\\uqbar.wollok-lsp-ide-0.5.3\\out\\server\\src\\server.js:2348:12950)\n    at U2.buildEnvironmentFrom (c:\\Users\\Andrea\\.vscode\\extensions\\uqbar.wollok-lsp-ide-0.5.3\\out\\server\\src\\server.js:2393:5254)\n    at U2.updateEnvironmentWith (c:\\Users\\Andrea\\.vscode\\extensions\\uqbar.wollok-lsp-ide-0.5.3\\out\\server\\src\\server.js:2393:4989)\n    at JF (c:\\Users\\Andrea\\.vscode\\extensions\\uqbar.wollok-lsp-ide-0.5.3\\out\\server\\src\\server.js:2393:7383)\n    at F3.invoke (c:\\Users\\Andrea\\.vscode\\extensions\\uqbar.wollok-lsp-ide-0.5.3\\out\\server\\src\\server.js:3:157334)\n    at o.fire (c:\\Users\\Andrea\\.vscode\\extensions\\uqbar.wollok-lsp-ide-0.5.3\\out\\server\\src\\server.js:3:158104)\n    at c:\\Users\\Andrea\\.vscode\\extensions\\uqbar.wollok-lsp-ide-0.5.3\\out\\server\\src\\server.js:37:57871\n    at Zr (c:\\Users\\Andrea\\.vscode\\extensions\\uqbar.wollok-lsp-ide-0.5.3\\out\\server\\src\\server.js:8:1561)","timestamp":"2025-09-16T18:41:21.872Z"}
{"level":"info","message":"⌛ Validating pgmProgram.wpgm","timeElapsed":625,"timestamp":"2025-09-16T18:41:22.530Z"}
{"level":"error","message":"✘ Failed to rebuild document Failed to parse pgmProgram.wpgm: \n-- PARSING FAILED --------------------------------------------------\n\n  32 | \t\tgame.say(personaje, \"Me quedan \" + personaje.vidas() + \" vidas\")\n  33 | \t\tif (personaje.ju)\n> 34 | \t\t})\n     |   ^\n  35 | \t})\n  36 | \n\nExpected one of the following: \n\nexpression, sentence\n","stack":"Error: Failed to parse pgmProgram.wpgm: \n-- PARSING FAILED --------------------------------------------------\n\n  32 | \t\tgame.say(personaje, \"Me quedan \" + personaje.vidas() + \" vidas\")\n  33 | \t\tif (personaje.ju)\n> 34 | \t\t})\n     |   ^\n  35 | \t})\n  36 | \n\nExpected one of the following: \n\nexpression, sentence\n\n    at c:\\Users\\Andrea\\.vscode\\extensions\\uqbar.wollok-lsp-ide-0.5.3\\out\\server\\src\\server.js:2348:13026\n    at Array.map (<anonymous>)\n    at W1n (c:\\Users\\Andrea\\.vscode\\extensions\\uqbar.wollok-lsp-ide-0.5.3\\out\\server\\src\\server.js:2348:12950)\n    at U2.buildEnvironmentFrom (c:\\Users\\Andrea\\.vscode\\extensions\\uqbar.wollok-lsp-ide-0.5.3\\out\\server\\src\\server.js:2393:5254)\n    at U2.updateEnvironmentWith (c:\\Users\\Andrea\\.vscode\\extensions\\uqbar.wollok-lsp-ide-0.5.3\\out\\server\\src\\server.js:2393:4989)\n    at JF (c:\\Users\\Andrea\\.vscode\\extensions\\uqbar.wollok-lsp-ide-0.5.3\\out\\server\\src\\server.js:2393:7383)\n    at F3.invoke (c:\\Users\\Andrea\\.vscode\\extensions\\uqbar.wollok-lsp-ide-0.5.3\\out\\server\\src\\server.js:3:157334)\n    at o.fire (c:\\Users\\Andrea\\.vscode\\extensions\\uqbar.wollok-lsp-ide-0.5.3\\out\\server\\src\\server.js:3:158104)\n    at c:\\Users\\Andrea\\.vscode\\extensions\\uqbar.wollok-lsp-ide-0.5.3\\out\\server\\src\\server.js:37:57871\n    at Zr (c:\\Users\\Andrea\\.vscode\\extensions\\uqbar.wollok-lsp-ide-0.5.3\\out\\server\\src\\server.js:8:1561)","timestamp":"2025-09-16T18:41:22.656Z"}
{"level":"error","message":"✘ Failed to rebuild document Failed to parse pgmProgram.wpgm: \n-- PARSING FAILED --------------------------------------------------\n\n  32 | \t\tgame.say(personaje, \"Me quedan \" + personaje.vidas() + \" vidas\")\n  33 | \t\tif (personaje.jue)\n> 34 | \t\t})\n     |   ^\n  35 | \t})\n  36 | \n\nExpected one of the following: \n\nexpression, sentence\n","stack":"Error: Failed to parse pgmProgram.wpgm: \n-- PARSING FAILED --------------------------------------------------\n\n  32 | \t\tgame.say(personaje, \"Me quedan \" + personaje.vidas() + \" vidas\")\n  33 | \t\tif (personaje.jue)\n> 34 | \t\t})\n     |   ^\n  35 | \t})\n  36 | \n\nExpected one of the following: \n\nexpression, sentence\n\n    at c:\\Users\\Andrea\\.vscode\\extensions\\uqbar.wollok-lsp-ide-0.5.3\\out\\server\\src\\server.js:2348:13026\n    at Array.map (<anonymous>)\n    at W1n (c:\\Users\\Andrea\\.vscode\\extensions\\uqbar.wollok-lsp-ide-0.5.3\\out\\server\\src\\server.js:2348:12950)\n    at U2.buildEnvironmentFrom (c:\\Users\\Andrea\\.vscode\\extensions\\uqbar.wollok-lsp-ide-0.5.3\\out\\server\\src\\server.js:2393:5254)\n    at U2.updateEnvironmentWith (c:\\Users\\Andrea\\.vscode\\extensions\\uqbar.wollok-lsp-ide-0.5.3\\out\\server\\src\\server.js:2393:4989)\n    at JF (c:\\Users\\Andrea\\.vscode\\extensions\\uqbar.wollok-lsp-ide-0.5.3\\out\\server\\src\\server.js:2393:7383)\n    at F3.invoke (c:\\Users\\Andrea\\.vscode\\extensions\\uqbar.wollok-lsp-ide-0.5.3\\out\\server\\src\\server.js:3:157334)\n    at o.fire (c:\\Users\\Andrea\\.vscode\\extensions\\uqbar.wollok-lsp-ide-0.5.3\\out\\server\\src\\server.js:3:158104)\n    at c:\\Users\\Andrea\\.vscode\\extensions\\uqbar.wollok-lsp-ide-0.5.3\\out\\server\\src\\server.js:37:57871\n    at Zr (c:\\Users\\Andrea\\.vscode\\extensions\\uqbar.wollok-lsp-ide-0.5.3\\out\\server\\src\\server.js:8:1561)","timestamp":"2025-09-16T18:41:22.889Z"}
{"level":"error","message":"✘ Failed to rebuild document Failed to parse pgmProgram.wpgm: \n-- PARSING FAILED --------------------------------------------------\n\n  32 | \t\tgame.say(personaje, \"Me quedan \" + personaje.vidas() + \" vidas\")\n  33 | \t\tif (personaje.jueg)\n> 34 | \t\t})\n     |   ^\n  35 | \t})\n  36 | \n\nExpected one of the following: \n\nexpression, sentence\n","stack":"Error: Failed to parse pgmProgram.wpgm: \n-- PARSING FAILED --------------------------------------------------\n\n  32 | \t\tgame.say(personaje, \"Me quedan \" + personaje.vidas() + \" vidas\")\n  33 | \t\tif (personaje.jueg)\n> 34 | \t\t})\n     |   ^\n  35 | \t})\n  36 | \n\nExpected one of the following: \n\nexpression, sentence\n\n    at c:\\Users\\Andrea\\.vscode\\extensions\\uqbar.wollok-lsp-ide-0.5.3\\out\\server\\src\\server.js:2348:13026\n    at Array.map (<anonymous>)\n    at W1n (c:\\Users\\Andrea\\.vscode\\extensions\\uqbar.wollok-lsp-ide-0.5.3\\out\\server\\src\\server.js:2348:12950)\n    at U2.buildEnvironmentFrom (c:\\Users\\Andrea\\.vscode\\extensions\\uqbar.wollok-lsp-ide-0.5.3\\out\\server\\src\\server.js:2393:5254)\n    at U2.updateEnvironmentWith (c:\\Users\\Andrea\\.vscode\\extensions\\uqbar.wollok-lsp-ide-0.5.3\\out\\server\\src\\server.js:2393:4989)\n    at JF (c:\\Users\\Andrea\\.vscode\\extensions\\uqbar.wollok-lsp-ide-0.5.3\\out\\server\\src\\server.js:2393:7383)\n    at F3.invoke (c:\\Users\\Andrea\\.vscode\\extensions\\uqbar.wollok-lsp-ide-0.5.3\\out\\server\\src\\server.js:3:157334)\n    at o.fire (c:\\Users\\Andrea\\.vscode\\extensions\\uqbar.wollok-lsp-ide-0.5.3\\out\\server\\src\\server.js:3:158104)\n    at c:\\Users\\Andrea\\.vscode\\extensions\\uqbar.wollok-lsp-ide-0.5.3\\out\\server\\src\\server.js:37:57871\n    at Zr (c:\\Users\\Andrea\\.vscode\\extensions\\uqbar.wollok-lsp-ide-0.5.3\\out\\server\\src\\server.js:8:1561)","timestamp":"2025-09-16T18:41:23.108Z"}
{"level":"error","message":"✘ Failed to rebuild document Failed to parse pgmProgram.wpgm: \n-- PARSING FAILED --------------------------------------------------\n\n  32 | \t\tgame.say(personaje, \"Me quedan \" + personaje.vidas() + \" vidas\")\n  33 | \t\tif (personaje.juego)\n> 34 | \t\t})\n     |   ^\n  35 | \t})\n  36 | \n\nExpected one of the following: \n\nexpression, sentence\n","stack":"Error: Failed to parse pgmProgram.wpgm: \n-- PARSING FAILED --------------------------------------------------\n\n  32 | \t\tgame.say(personaje, \"Me quedan \" + personaje.vidas() + \" vidas\")\n  33 | \t\tif (personaje.juego)\n> 34 | \t\t})\n     |   ^\n  35 | \t})\n  36 | \n\nExpected one of the following: \n\nexpression, sentence\n\n    at c:\\Users\\Andrea\\.vscode\\extensions\\uqbar.wollok-lsp-ide-0.5.3\\out\\server\\src\\server.js:2348:13026\n    at Array.map (<anonymous>)\n    at W1n (c:\\Users\\Andrea\\.vscode\\extensions\\uqbar.wollok-lsp-ide-0.5.3\\out\\server\\src\\server.js:2348:12950)\n    at U2.buildEnvironmentFrom (c:\\Users\\Andrea\\.vscode\\extensions\\uqbar.wollok-lsp-ide-0.5.3\\out\\server\\src\\server.js:2393:5254)\n    at U2.updateEnvironmentWith (c:\\Users\\Andrea\\.vscode\\extensions\\uqbar.wollok-lsp-ide-0.5.3\\out\\server\\src\\server.js:2393:4989)\n    at JF (c:\\Users\\Andrea\\.vscode\\extensions\\uqbar.wollok-lsp-ide-0.5.3\\out\\server\\src\\server.js:2393:7383)\n    at F3.invoke (c:\\Users\\Andrea\\.vscode\\extensions\\uqbar.wollok-lsp-ide-0.5.3\\out\\server\\src\\server.js:3:157334)\n    at o.fire (c:\\Users\\Andrea\\.vscode\\extensions\\uqbar.wollok-lsp-ide-0.5.3\\out\\server\\src\\server.js:3:158104)\n    at c:\\Users\\Andrea\\.vscode\\extensions\\uqbar.wollok-lsp-ide-0.5.3\\out\\server\\src\\server.js:37:57871\n    at Zr (c:\\Users\\Andrea\\.vscode\\extensions\\uqbar.wollok-lsp-ide-0.5.3\\out\\server\\src\\server.js:8:1561)","timestamp":"2025-09-16T18:41:23.256Z"}
{"level":"error","message":"✘ Failed to rebuild document Failed to parse pgmProgram.wpgm: \n-- PARSING FAILED --------------------------------------------------\n\n  32 | \t\tgame.say(personaje, \"Me quedan \" + personaje.vidas() + \" vidas\")\n  33 | \t\tif (personaje.juegoT)\n> 34 | \t\t})\n     |   ^\n  35 | \t})\n  36 | \n\nExpected one of the following: \n\nexpression, sentence\n","stack":"Error: Failed to parse pgmProgram.wpgm: \n-- PARSING FAILED --------------------------------------------------\n\n  32 | \t\tgame.say(personaje, \"Me quedan \" + personaje.vidas() + \" vidas\")\n  33 | \t\tif (personaje.juegoT)\n> 34 | \t\t})\n     |   ^\n  35 | \t})\n  36 | \n\nExpected one of the following: \n\nexpression, sentence\n\n    at c:\\Users\\Andrea\\.vscode\\extensions\\uqbar.wollok-lsp-ide-0.5.3\\out\\server\\src\\server.js:2348:13026\n    at Array.map (<anonymous>)\n    at W1n (c:\\Users\\Andrea\\.vscode\\extensions\\uqbar.wollok-lsp-ide-0.5.3\\out\\server\\src\\server.js:2348:12950)\n    at U2.buildEnvironmentFrom (c:\\Users\\Andrea\\.vscode\\extensions\\uqbar.wollok-lsp-ide-0.5.3\\out\\server\\src\\server.js:2393:5254)\n    at U2.updateEnvironmentWith (c:\\Users\\Andrea\\.vscode\\extensions\\uqbar.wollok-lsp-ide-0.5.3\\out\\server\\src\\server.js:2393:4989)\n    at JF (c:\\Users\\Andrea\\.vscode\\extensions\\uqbar.wollok-lsp-ide-0.5.3\\out\\server\\src\\server.js:2393:7383)\n    at F3.invoke (c:\\Users\\Andrea\\.vscode\\extensions\\uqbar.wollok-lsp-ide-0.5.3\\out\\server\\src\\server.js:3:157334)\n    at o.fire (c:\\Users\\Andrea\\.vscode\\extensions\\uqbar.wollok-lsp-ide-0.5.3\\out\\server\\src\\server.js:3:158104)\n    at c:\\Users\\Andrea\\.vscode\\extensions\\uqbar.wollok-lsp-ide-0.5.3\\out\\server\\src\\server.js:37:57871\n    at Zr (c:\\Users\\Andrea\\.vscode\\extensions\\uqbar.wollok-lsp-ide-0.5.3\\out\\server\\src\\server.js:8:1561)","timestamp":"2025-09-16T18:41:23.397Z"}
{"level":"error","message":"✘ Failed to rebuild document Failed to parse pgmProgram.wpgm: \n-- PARSING FAILED --------------------------------------------------\n\n  32 | \t\tgame.say(personaje, \"Me quedan \" + personaje.vidas() + \" vidas\")\n  33 | \t\tif (personaje.juegoTe)\n> 34 | \t\t})\n     |   ^\n  35 | \t})\n  36 | \n\nExpected one of the following: \n\nexpression, sentence\n","stack":"Error: Failed to parse pgmProgram.wpgm: \n-- PARSING FAILED --------------------------------------------------\n\n  32 | \t\tgame.say(personaje, \"Me quedan \" + personaje.vidas() + \" vidas\")\n  33 | \t\tif (personaje.juegoTe)\n> 34 | \t\t})\n     |   ^\n  35 | \t})\n  36 | \n\nExpected one of the following: \n\nexpression, sentence\n\n    at c:\\Users\\Andrea\\.vscode\\extensions\\uqbar.wollok-lsp-ide-0.5.3\\out\\server\\src\\server.js:2348:13026\n    at Array.map (<anonymous>)\n    at W1n (c:\\Users\\Andrea\\.vscode\\extensions\\uqbar.wollok-lsp-ide-0.5.3\\out\\server\\src\\server.js:2348:12950)\n    at U2.buildEnvironmentFrom (c:\\Users\\Andrea\\.vscode\\extensions\\uqbar.wollok-lsp-ide-0.5.3\\out\\server\\src\\server.js:2393:5254)\n    at U2.updateEnvironmentWith (c:\\Users\\Andrea\\.vscode\\extensions\\uqbar.wollok-lsp-ide-0.5.3\\out\\server\\src\\server.js:2393:4989)\n    at JF (c:\\Users\\Andrea\\.vscode\\extensions\\uqbar.wollok-lsp-ide-0.5.3\\out\\server\\src\\server.js:2393:7383)\n    at F3.invoke (c:\\Users\\Andrea\\.vscode\\extensions\\uqbar.wollok-lsp-ide-0.5.3\\out\\server\\src\\server.js:3:157334)\n    at o.fire (c:\\Users\\Andrea\\.vscode\\extensions\\uqbar.wollok-lsp-ide-0.5.3\\out\\server\\src\\server.js:3:158104)\n    at c:\\Users\\Andrea\\.vscode\\extensions\\uqbar.wollok-lsp-ide-0.5.3\\out\\server\\src\\server.js:37:57871\n    at Zr (c:\\Users\\Andrea\\.vscode\\extensions\\uqbar.wollok-lsp-ide-0.5.3\\out\\server\\src\\server.js:8:1561)","timestamp":"2025-09-16T18:41:23.520Z"}
{"level":"error","message":"✘ Failed to rebuild document Failed to parse pgmProgram.wpgm: \n-- PARSING FAILED --------------------------------------------------\n\n  32 | \t\tgame.say(personaje, \"Me quedan \" + personaje.vidas() + \" vidas\")\n  33 | \t\tif (personaje.juegoTer)\n> 34 | \t\t})\n     |   ^\n  35 | \t})\n  36 | \n\nExpected one of the following: \n\nexpression, sentence\n","stack":"Error: Failed to parse pgmProgram.wpgm: \n-- PARSING FAILED --------------------------------------------------\n\n  32 | \t\tgame.say(personaje, \"Me quedan \" + personaje.vidas() + \" vidas\")\n  33 | \t\tif (personaje.juegoTer)\n> 34 | \t\t})\n     |   ^\n  35 | \t})\n  36 | \n\nExpected one of the following: \n\nexpression, sentence\n\n    at c:\\Users\\Andrea\\.vscode\\extensions\\uqbar.wollok-lsp-ide-0.5.3\\out\\server\\src\\server.js:2348:13026\n    at Array.map (<anonymous>)\n    at W1n (c:\\Users\\Andrea\\.vscode\\extensions\\uqbar.wollok-lsp-ide-0.5.3\\out\\server\\src\\server.js:2348:12950)\n    at U2.buildEnvironmentFrom (c:\\Users\\Andrea\\.vscode\\extensions\\uqbar.wollok-lsp-ide-0.5.3\\out\\server\\src\\server.js:2393:5254)\n    at U2.updateEnvironmentWith (c:\\Users\\Andrea\\.vscode\\extensions\\uqbar.wollok-lsp-ide-0.5.3\\out\\server\\src\\server.js:2393:4989)\n    at JF (c:\\Users\\Andrea\\.vscode\\extensions\\uqbar.wollok-lsp-ide-0.5.3\\out\\server\\src\\server.js:2393:7383)\n    at F3.invoke (c:\\Users\\Andrea\\.vscode\\extensions\\uqbar.wollok-lsp-ide-0.5.3\\out\\server\\src\\server.js:3:157334)\n    at o.fire (c:\\Users\\Andrea\\.vscode\\extensions\\uqbar.wollok-lsp-ide-0.5.3\\out\\server\\src\\server.js:3:158104)\n    at c:\\Users\\Andrea\\.vscode\\extensions\\uqbar.wollok-lsp-ide-0.5.3\\out\\server\\src\\server.js:37:57871\n    at Zr (c:\\Users\\Andrea\\.vscode\\extensions\\uqbar.wollok-lsp-ide-0.5.3\\out\\server\\src\\server.js:8:1561)","timestamp":"2025-09-16T18:41:23.649Z"}
{"level":"error","message":"✘ Failed to rebuild document Failed to parse pgmProgram.wpgm: \n-- PARSING FAILED --------------------------------------------------\n\n  32 | \t\tgame.say(personaje, \"Me quedan \" + personaje.vidas() + \" vidas\")\n  33 | \t\tif (personaje.juegoTerm)\n> 34 | \t\t})\n     |   ^\n  35 | \t})\n  36 | \n\nExpected one of the following: \n\nexpression, sentence\n","stack":"Error: Failed to parse pgmProgram.wpgm: \n-- PARSING FAILED --------------------------------------------------\n\n  32 | \t\tgame.say(personaje, \"Me quedan \" + personaje.vidas() + \" vidas\")\n  33 | \t\tif (personaje.juegoTerm)\n> 34 | \t\t})\n     |   ^\n  35 | \t})\n  36 | \n\nExpected one of the following: \n\nexpression, sentence\n\n    at c:\\Users\\Andrea\\.vscode\\extensions\\uqbar.wollok-lsp-ide-0.5.3\\out\\server\\src\\server.js:2348:13026\n    at Array.map (<anonymous>)\n    at W1n (c:\\Users\\Andrea\\.vscode\\extensions\\uqbar.wollok-lsp-ide-0.5.3\\out\\server\\src\\server.js:2348:12950)\n    at U2.buildEnvironmentFrom (c:\\Users\\Andrea\\.vscode\\extensions\\uqbar.wollok-lsp-ide-0.5.3\\out\\server\\src\\server.js:2393:5254)\n    at U2.updateEnvironmentWith (c:\\Users\\Andrea\\.vscode\\extensions\\uqbar.wollok-lsp-ide-0.5.3\\out\\server\\src\\server.js:2393:4989)\n    at JF (c:\\Users\\Andrea\\.vscode\\extensions\\uqbar.wollok-lsp-ide-0.5.3\\out\\server\\src\\server.js:2393:7383)\n    at F3.invoke (c:\\Users\\Andrea\\.vscode\\extensions\\uqbar.wollok-lsp-ide-0.5.3\\out\\server\\src\\server.js:3:157334)\n    at o.fire (c:\\Users\\Andrea\\.vscode\\extensions\\uqbar.wollok-lsp-ide-0.5.3\\out\\server\\src\\server.js:3:158104)\n    at c:\\Users\\Andrea\\.vscode\\extensions\\uqbar.wollok-lsp-ide-0.5.3\\out\\server\\src\\server.js:37:57871\n    at Zr (c:\\Users\\Andrea\\.vscode\\extensions\\uqbar.wollok-lsp-ide-0.5.3\\out\\server\\src\\server.js:8:1561)","timestamp":"2025-09-16T18:41:23.774Z"}
{"level":"error","message":"✘ Failed to rebuild document Failed to parse pgmProgram.wpgm: \n-- PARSING FAILED --------------------------------------------------\n\n  32 | \t\tgame.say(personaje, \"Me quedan \" + personaje.vidas() + \" vidas\")\n  33 | \t\tif (personaje.juegoTermi)\n> 34 | \t\t})\n     |   ^\n  35 | \t})\n  36 | \n\nExpected one of the following: \n\nexpression, sentence\n","stack":"Error: Failed to parse pgmProgram.wpgm: \n-- PARSING FAILED --------------------------------------------------\n\n  32 | \t\tgame.say(personaje, \"Me quedan \" + personaje.vidas() + \" vidas\")\n  33 | \t\tif (personaje.juegoTermi)\n> 34 | \t\t})\n     |   ^\n  35 | \t})\n  36 | \n\nExpected one of the following: \n\nexpression, sentence\n\n    at c:\\Users\\Andrea\\.vscode\\extensions\\uqbar.wollok-lsp-ide-0.5.3\\out\\server\\src\\server.js:2348:13026\n    at Array.map (<anonymous>)\n    at W1n (c:\\Users\\Andrea\\.vscode\\extensions\\uqbar.wollok-lsp-ide-0.5.3\\out\\server\\src\\server.js:2348:12950)\n    at U2.buildEnvironmentFrom (c:\\Users\\Andrea\\.vscode\\extensions\\uqbar.wollok-lsp-ide-0.5.3\\out\\server\\src\\server.js:2393:5254)\n    at U2.updateEnvironmentWith (c:\\Users\\Andrea\\.vscode\\extensions\\uqbar.wollok-lsp-ide-0.5.3\\out\\server\\src\\server.js:2393:4989)\n    at JF (c:\\Users\\Andrea\\.vscode\\extensions\\uqbar.wollok-lsp-ide-0.5.3\\out\\server\\src\\server.js:2393:7383)\n    at F3.invoke (c:\\Users\\Andrea\\.vscode\\extensions\\uqbar.wollok-lsp-ide-0.5.3\\out\\server\\src\\server.js:3:157334)\n    at o.fire (c:\\Users\\Andrea\\.vscode\\extensions\\uqbar.wollok-lsp-ide-0.5.3\\out\\server\\src\\server.js:3:158104)\n    at c:\\Users\\Andrea\\.vscode\\extensions\\uqbar.wollok-lsp-ide-0.5.3\\out\\server\\src\\server.js:37:57871\n    at Zr (c:\\Users\\Andrea\\.vscode\\extensions\\uqbar.wollok-lsp-ide-0.5.3\\out\\server\\src\\server.js:8:1561)","timestamp":"2025-09-16T18:41:23.922Z"}
{"level":"error","message":"✘ Failed to rebuild document Failed to parse pgmProgram.wpgm: \n-- PARSING FAILED --------------------------------------------------\n\n  32 | \t\tgame.say(personaje, \"Me quedan \" + personaje.vidas() + \" vidas\")\n  33 | \t\tif (personaje.juegoTermin)\n> 34 | \t\t})\n     |   ^\n  35 | \t})\n  36 | \n\nExpected one of the following: \n\nexpression, sentence\n","stack":"Error: Failed to parse pgmProgram.wpgm: \n-- PARSING FAILED --------------------------------------------------\n\n  32 | \t\tgame.say(personaje, \"Me quedan \" + personaje.vidas() + \" vidas\")\n  33 | \t\tif (personaje.juegoTermin)\n> 34 | \t\t})\n     |   ^\n  35 | \t})\n  36 | \n\nExpected one of the following: \n\nexpression, sentence\n\n    at c:\\Users\\Andrea\\.vscode\\extensions\\uqbar.wollok-lsp-ide-0.5.3\\out\\server\\src\\server.js:2348:13026\n    at Array.map (<anonymous>)\n    at W1n (c:\\Users\\Andrea\\.vscode\\extensions\\uqbar.wollok-lsp-ide-0.5.3\\out\\server\\src\\server.js:2348:12950)\n    at U2.buildEnvironmentFrom (c:\\Users\\Andrea\\.vscode\\extensions\\uqbar.wollok-lsp-ide-0.5.3\\out\\server\\src\\server.js:2393:5254)\n    at U2.updateEnvironmentWith (c:\\Users\\Andrea\\.vscode\\extensions\\uqbar.wollok-lsp-ide-0.5.3\\out\\server\\src\\server.js:2393:4989)\n    at JF (c:\\Users\\Andrea\\.vscode\\extensions\\uqbar.wollok-lsp-ide-0.5.3\\out\\server\\src\\server.js:2393:7383)\n    at F3.invoke (c:\\Users\\Andrea\\.vscode\\extensions\\uqbar.wollok-lsp-ide-0.5.3\\out\\server\\src\\server.js:3:157334)\n    at o.fire (c:\\Users\\Andrea\\.vscode\\extensions\\uqbar.wollok-lsp-ide-0.5.3\\out\\server\\src\\server.js:3:158104)\n    at c:\\Users\\Andrea\\.vscode\\extensions\\uqbar.wollok-lsp-ide-0.5.3\\out\\server\\src\\server.js:37:57871\n    at Zr (c:\\Users\\Andrea\\.vscode\\extensions\\uqbar.wollok-lsp-ide-0.5.3\\out\\server\\src\\server.js:8:1561)","timestamp":"2025-09-16T18:41:24.041Z"}
{"level":"error","message":"✘ Failed to rebuild document Failed to parse pgmProgram.wpgm: \n-- PARSING FAILED --------------------------------------------------\n\n  32 | \t\tgame.say(personaje, \"Me quedan \" + personaje.vidas() + \" vidas\")\n  33 | \t\tif (personaje.juegoTermina)\n> 34 | \t\t})\n     |   ^\n  35 | \t})\n  36 | \n\nExpected one of the following: \n\nexpression, sentence\n","stack":"Error: Failed to parse pgmProgram.wpgm: \n-- PARSING FAILED --------------------------------------------------\n\n  32 | \t\tgame.say(personaje, \"Me quedan \" + personaje.vidas() + \" vidas\")\n  33 | \t\tif (personaje.juegoTermina)\n> 34 | \t\t})\n     |   ^\n  35 | \t})\n  36 | \n\nExpected one of the following: \n\nexpression, sentence\n\n    at c:\\Users\\Andrea\\.vscode\\extensions\\uqbar.wollok-lsp-ide-0.5.3\\out\\server\\src\\server.js:2348:13026\n    at Array.map (<anonymous>)\n    at W1n (c:\\Users\\Andrea\\.vscode\\extensions\\uqbar.wollok-lsp-ide-0.5.3\\out\\server\\src\\server.js:2348:12950)\n    at U2.buildEnvironmentFrom (c:\\Users\\Andrea\\.vscode\\extensions\\uqbar.wollok-lsp-ide-0.5.3\\out\\server\\src\\server.js:2393:5254)\n    at U2.updateEnvironmentWith (c:\\Users\\Andrea\\.vscode\\extensions\\uqbar.wollok-lsp-ide-0.5.3\\out\\server\\src\\server.js:2393:4989)\n    at JF (c:\\Users\\Andrea\\.vscode\\extensions\\uqbar.wollok-lsp-ide-0.5.3\\out\\server\\src\\server.js:2393:7383)\n    at F3.invoke (c:\\Users\\Andrea\\.vscode\\extensions\\uqbar.wollok-lsp-ide-0.5.3\\out\\server\\src\\server.js:3:157334)\n    at o.fire (c:\\Users\\Andrea\\.vscode\\extensions\\uqbar.wollok-lsp-ide-0.5.3\\out\\server\\src\\server.js:3:158104)\n    at c:\\Users\\Andrea\\.vscode\\extensions\\uqbar.wollok-lsp-ide-0.5.3\\out\\server\\src\\server.js:37:57871\n    at Zr (c:\\Users\\Andrea\\.vscode\\extensions\\uqbar.wollok-lsp-ide-0.5.3\\out\\server\\src\\server.js:8:1561)","timestamp":"2025-09-16T18:41:24.206Z"}
{"level":"error","message":"✘ Failed to rebuild document Failed to parse pgmProgram.wpgm: \n-- PARSING FAILED --------------------------------------------------\n\n  32 | \t\tgame.say(personaje, \"Me quedan \" + personaje.vidas() + \" vidas\")\n  33 | \t\tif (personaje.juegoTerminad)\n> 34 | \t\t})\n     |   ^\n  35 | \t})\n  36 | \n\nExpected one of the following: \n\nexpression, sentence\n","stack":"Error: Failed to parse pgmProgram.wpgm: \n-- PARSING FAILED --------------------------------------------------\n\n  32 | \t\tgame.say(personaje, \"Me quedan \" + personaje.vidas() + \" vidas\")\n  33 | \t\tif (personaje.juegoTerminad)\n> 34 | \t\t})\n     |   ^\n  35 | \t})\n  36 | \n\nExpected one of the following: \n\nexpression, sentence\n\n    at c:\\Users\\Andrea\\.vscode\\extensions\\uqbar.wollok-lsp-ide-0.5.3\\out\\server\\src\\server.js:2348:13026\n    at Array.map (<anonymous>)\n    at W1n (c:\\Users\\Andrea\\.vscode\\extensions\\uqbar.wollok-lsp-ide-0.5.3\\out\\server\\src\\server.js:2348:12950)\n    at U2.buildEnvironmentFrom (c:\\Users\\Andrea\\.vscode\\extensions\\uqbar.wollok-lsp-ide-0.5.3\\out\\server\\src\\server.js:2393:5254)\n    at U2.updateEnvironmentWith (c:\\Users\\Andrea\\.vscode\\extensions\\uqbar.wollok-lsp-ide-0.5.3\\out\\server\\src\\server.js:2393:4989)\n    at JF (c:\\Users\\Andrea\\.vscode\\extensions\\uqbar.wollok-lsp-ide-0.5.3\\out\\server\\src\\server.js:2393:7383)\n    at F3.invoke (c:\\Users\\Andrea\\.vscode\\extensions\\uqbar.wollok-lsp-ide-0.5.3\\out\\server\\src\\server.js:3:157334)\n    at o.fire (c:\\Users\\Andrea\\.vscode\\extensions\\uqbar.wollok-lsp-ide-0.5.3\\out\\server\\src\\server.js:3:158104)\n    at c:\\Users\\Andrea\\.vscode\\extensions\\uqbar.wollok-lsp-ide-0.5.3\\out\\server\\src\\server.js:37:57871\n    at Zr (c:\\Users\\Andrea\\.vscode\\extensions\\uqbar.wollok-lsp-ide-0.5.3\\out\\server\\src\\server.js:8:1561)","timestamp":"2025-09-16T18:41:24.337Z"}
{"level":"error","message":"✘ Failed to rebuild document Failed to parse pgmProgram.wpgm: \n-- PARSING FAILED --------------------------------------------------\n\n  32 | \t\tgame.say(personaje, \"Me quedan \" + personaje.vidas() + \" vidas\")\n  33 | \t\tif (personaje.juegoTerminado)\n> 34 | \t\t})\n     |   ^\n  35 | \t})\n  36 | \n\nExpected one of the following: \n\nexpression, sentence\n","stack":"Error: Failed to parse pgmProgram.wpgm: \n-- PARSING FAILED --------------------------------------------------\n\n  32 | \t\tgame.say(personaje, \"Me quedan \" + personaje.vidas() + \" vidas\")\n  33 | \t\tif (personaje.juegoTerminado)\n> 34 | \t\t})\n     |   ^\n  35 | \t})\n  36 | \n\nExpected one of the following: \n\nexpression, sentence\n\n    at c:\\Users\\Andrea\\.vscode\\extensions\\uqbar.wollok-lsp-ide-0.5.3\\out\\server\\src\\server.js:2348:13026\n    at Array.map (<anonymous>)\n    at W1n (c:\\Users\\Andrea\\.vscode\\extensions\\uqbar.wollok-lsp-ide-0.5.3\\out\\server\\src\\server.js:2348:12950)\n    at U2.buildEnvironmentFrom (c:\\Users\\Andrea\\.vscode\\extensions\\uqbar.wollok-lsp-ide-0.5.3\\out\\server\\src\\server.js:2393:5254)\n    at U2.updateEnvironmentWith (c:\\Users\\Andrea\\.vscode\\extensions\\uqbar.wollok-lsp-ide-0.5.3\\out\\server\\src\\server.js:2393:4989)\n    at JF (c:\\Users\\Andrea\\.vscode\\extensions\\uqbar.wollok-lsp-ide-0.5.3\\out\\server\\src\\server.js:2393:7383)\n    at F3.invoke (c:\\Users\\Andrea\\.vscode\\extensions\\uqbar.wollok-lsp-ide-0.5.3\\out\\server\\src\\server.js:3:157334)\n    at o.fire (c:\\Users\\Andrea\\.vscode\\extensions\\uqbar.wollok-lsp-ide-0.5.3\\out\\server\\src\\server.js:3:158104)\n    at c:\\Users\\Andrea\\.vscode\\extensions\\uqbar.wollok-lsp-ide-0.5.3\\out\\server\\src\\server.js:37:57871\n    at Zr (c:\\Users\\Andrea\\.vscode\\extensions\\uqbar.wollok-lsp-ide-0.5.3\\out\\server\\src\\server.js:8:1561)","timestamp":"2025-09-16T18:41:24.443Z"}
{"level":"error","message":"✘ Failed to rebuild document Failed to parse pgmProgram.wpgm: \n-- PARSING FAILED --------------------------------------------------\n\n  32 | \t\tgame.say(personaje, \"Me quedan \" + personaje.vidas() + \" vidas\")\n  33 | \t\tif (personaje.juegoTerminado())\n> 34 | \t\t})\n     |   ^\n  35 | \t})\n  36 | \n\nExpected one of the following: \n\nexpression, sentence\n","stack":"Error: Failed to parse pgmProgram.wpgm: \n-- PARSING FAILED --------------------------------------------------\n\n  32 | \t\tgame.say(personaje, \"Me quedan \" + personaje.vidas() + \" vidas\")\n  33 | \t\tif (personaje.juegoTerminado())\n> 34 | \t\t})\n     |   ^\n  35 | \t})\n  36 | \n\nExpected one of the following: \n\nexpression, sentence\n\n    at c:\\Users\\Andrea\\.vscode\\extensions\\uqbar.wollok-lsp-ide-0.5.3\\out\\server\\src\\server.js:2348:13026\n    at Array.map (<anonymous>)\n    at W1n (c:\\Users\\Andrea\\.vscode\\extensions\\uqbar.wollok-lsp-ide-0.5.3\\out\\server\\src\\server.js:2348:12950)\n    at U2.buildEnvironmentFrom (c:\\Users\\Andrea\\.vscode\\extensions\\uqbar.wollok-lsp-ide-0.5.3\\out\\server\\src\\server.js:2393:5254)\n    at U2.updateEnvironmentWith (c:\\Users\\Andrea\\.vscode\\extensions\\uqbar.wollok-lsp-ide-0.5.3\\out\\server\\src\\server.js:2393:4989)\n    at JF (c:\\Users\\Andrea\\.vscode\\extensions\\uqbar.wollok-lsp-ide-0.5.3\\out\\server\\src\\server.js:2393:7383)\n    at F3.invoke (c:\\Users\\Andrea\\.vscode\\extensions\\uqbar.wollok-lsp-ide-0.5.3\\out\\server\\src\\server.js:3:157334)\n    at o.fire (c:\\Users\\Andrea\\.vscode\\extensions\\uqbar.wollok-lsp-ide-0.5.3\\out\\server\\src\\server.js:3:158104)\n    at c:\\Users\\Andrea\\.vscode\\extensions\\uqbar.wollok-lsp-ide-0.5.3\\out\\server\\src\\server.js:37:57871\n    at Zr (c:\\Users\\Andrea\\.vscode\\extensions\\uqbar.wollok-lsp-ide-0.5.3\\out\\server\\src\\server.js:8:1561)","timestamp":"2025-09-16T18:41:24.593Z"}
{"level":"info","message":"⌛ Validating pgmProgram.wpgm","timeElapsed":470,"timestamp":"2025-09-16T18:41:25.137Z"}
{"level":"info","message":"⌛ Building environment","timeElapsed":855,"timestamp":"2025-09-16T18:41:26.001Z"}
{"level":"info","message":"⌛ Validating pgmProgram.wpgm","timeElapsed":985,"timestamp":"2025-09-16T18:41:27.057Z"}
{"level":"info","message":"⌛ Building environment","timeElapsed":1070,"timestamp":"2025-09-16T18:41:28.189Z"}
{"level":"info","message":"⌛ Validating pgmProgram.wpgm","timeElapsed":671,"timestamp":"2025-09-16T18:41:28.914Z"}
{"level":"info","message":"⌛ Validating pgmProgram.wpgm","timeElapsed":539,"timestamp":"2025-09-16T18:41:29.459Z"}
{"level":"info","message":"⌛ Building environment","timeElapsed":2327,"timestamp":"2025-09-16T18:41:31.948Z"}
{"level":"error","message":"✘ Completions for node If ([33:3, 35:4] - pgmProgram.wpgm) failed: Error: [If]{a7c492} at pgmProgram.wpgm:33 exhausted all cases without a match [If]{a7c492} at pgmProgram.wpgm:33 exhausted all cases without a match","stack":"Error: [If]{a7c492} at pgmProgram.wpgm:33 exhausted all cases without a match\n    at c:\\Users\\Andrea\\.vscode\\extensions\\uqbar.wollok-lsp-ide-0.5.3\\out\\server\\src\\server.js:38:6142\n    at D2 (c:\\Users\\Andrea\\.vscode\\extensions\\uqbar.wollok-lsp-ide-0.5.3\\out\\server\\src\\server.js:2384:42)\n    at Qh (c:\\Users\\Andrea\\.vscode\\extensions\\uqbar.wollok-lsp-ide-0.5.3\\out\\server\\src\\server.js:2384:1092)\n    at v6n (c:\\Users\\Andrea\\.vscode\\extensions\\uqbar.wollok-lsp-ide-0.5.3\\out\\server\\src\\server.js:2384:818)\n    at c:\\Users\\Andrea\\.vscode\\extensions\\uqbar.wollok-lsp-ide-0.5.3\\out\\server\\src\\server.js:38:6131\n    at D2 (c:\\Users\\Andrea\\.vscode\\extensions\\uqbar.wollok-lsp-ide-0.5.3\\out\\server\\src\\server.js:2384:42)\n    at Qh (c:\\Users\\Andrea\\.vscode\\extensions\\uqbar.wollok-lsp-ide-0.5.3\\out\\server\\src\\server.js:2384:1092)\n    at k6n (c:\\Users\\Andrea\\.vscode\\extensions\\uqbar.wollok-lsp-ide-0.5.3\\out\\server\\src\\server.js:2384:1248)\n    at c:\\Users\\Andrea\\.vscode\\extensions\\uqbar.wollok-lsp-ide-0.5.3\\out\\server\\src\\server.js:38:6131\n    at D2 (c:\\Users\\Andrea\\.vscode\\extensions\\uqbar.wollok-lsp-ide-0.5.3\\out\\server\\src\\server.js:2384:42)","timestamp":"2025-09-16T18:41:32.422Z"}
{"level":"info","message":"⌛ Autocomplete - Reference","timeElapsed":439,"timestamp":"2025-09-16T18:41:32.435Z"}
{"level":"info","message":"⌛ Validating pgmProgram.wpgm","timeElapsed":835,"timestamp":"2025-09-16T18:41:33.273Z"}
{"level":"info","message":"⌛ Building environment","timeElapsed":1657,"timestamp":"2025-09-16T18:41:35.010Z"}
{"level":"info","message":"⌛ Building environment","timeElapsed":590,"timestamp":"2025-09-16T18:41:35.766Z"}
{"level":"error","message":"✘ Completions for node If ([33:3, 35:4] - pgmProgram.wpgm) failed: Error: [If]{42f65f} at pgmProgram.wpgm:33 exhausted all cases without a match [If]{42f65f} at pgmProgram.wpgm:33 exhausted all cases without a match","stack":"Error: [If]{42f65f} at pgmProgram.wpgm:33 exhausted all cases without a match\n    at c:\\Users\\Andrea\\.vscode\\extensions\\uqbar.wollok-lsp-ide-0.5.3\\out\\server\\src\\server.js:38:6142\n    at D2 (c:\\Users\\Andrea\\.vscode\\extensions\\uqbar.wollok-lsp-ide-0.5.3\\out\\server\\src\\server.js:2384:42)\n    at Qh (c:\\Users\\Andrea\\.vscode\\extensions\\uqbar.wollok-lsp-ide-0.5.3\\out\\server\\src\\server.js:2384:1092)\n    at v6n (c:\\Users\\Andrea\\.vscode\\extensions\\uqbar.wollok-lsp-ide-0.5.3\\out\\server\\src\\server.js:2384:818)\n    at c:\\Users\\Andrea\\.vscode\\extensions\\uqbar.wollok-lsp-ide-0.5.3\\out\\server\\src\\server.js:38:6131\n    at D2 (c:\\Users\\Andrea\\.vscode\\extensions\\uqbar.wollok-lsp-ide-0.5.3\\out\\server\\src\\server.js:2384:42)\n    at Qh (c:\\Users\\Andrea\\.vscode\\extensions\\uqbar.wollok-lsp-ide-0.5.3\\out\\server\\src\\server.js:2384:1092)\n    at k6n (c:\\Users\\Andrea\\.vscode\\extensions\\uqbar.wollok-lsp-ide-0.5.3\\out\\server\\src\\server.js:2384:1248)\n    at c:\\Users\\Andrea\\.vscode\\extensions\\uqbar.wollok-lsp-ide-0.5.3\\out\\server\\src\\server.js:38:6131\n    at D2 (c:\\Users\\Andrea\\.vscode\\extensions\\uqbar.wollok-lsp-ide-0.5.3\\out\\server\\src\\server.js:2384:42)","timestamp":"2025-09-16T18:41:36.049Z"}
{"level":"info","message":"⌛ Autocomplete - Reference","timeElapsed":131,"timestamp":"2025-09-16T18:41:36.064Z"}
{"level":"info","message":"⌛ Building environment","timeElapsed":2192,"timestamp":"2025-09-16T18:41:38.264Z"}
{"level":"info","message":"⌛ Building environment","timeElapsed":858,"timestamp":"2025-09-16T18:41:39.125Z"}
{"level":"info","message":"⌛ Building environment","timeElapsed":765,"timestamp":"2025-09-16T18:41:39.973Z"}
{"level":"info","message":"⌛ Validating pgmProgram.wpgm","timeElapsed":568,"timestamp":"2025-09-16T18:41:40.650Z"}
{"level":"info","message":"⌛ Building environment","timeElapsed":466,"timestamp":"2025-09-16T18:41:41.120Z"}
{"level":"info","message":"⌛ Autocomplete - Body","timeElapsed":112,"timestamp":"2025-09-16T18:41:41.239Z"}
{"level":"info","message":"⌛ Building environment","timeElapsed":527,"timestamp":"2025-09-16T18:41:41.768Z"}
{"level":"info","message":"⌛ Building environment","timeElapsed":536,"timestamp":"2025-09-16T18:41:42.308Z"}
{"level":"info","message":"⌛ Building environment","timeElapsed":503,"timestamp":"2025-09-16T18:41:42.858Z"}
{"level":"info","message":"⌛ Validating pgmProgram.wpgm","timeElapsed":501,"timestamp":"2025-09-16T18:41:43.411Z"}
{"level":"info","message":"⌛ Building environment","timeElapsed":552,"timestamp":"2025-09-16T18:41:43.990Z"}
{"level":"info","message":"⌛ Validating pgmProgram.wpgm","timeElapsed":606,"timestamp":"2025-09-16T18:41:44.656Z"}
{"level":"info","message":"⌛ Building environment","timeElapsed":3240,"timestamp":"2025-09-16T18:41:48.109Z"}
{"level":"info","message":"⌛ Building environment","timeElapsed":580,"timestamp":"2025-09-16T18:41:48.718Z"}
{"level":"info","message":"⌛ Building environment","timeElapsed":739,"timestamp":"2025-09-16T18:41:49.459Z"}
{"level":"info","message":"⌛ Building environment","timeElapsed":1219,"timestamp":"2025-09-16T18:41:50.710Z"}
{"level":"info","message":"⌛ Building environment","timeElapsed":601,"timestamp":"2025-09-16T18:41:51.321Z"}
{"level":"info","message":"⌛ Building environment","timeElapsed":543,"timestamp":"2025-09-16T18:41:51.868Z"}
{"level":"info","message":"⌛ Building environment","timeElapsed":431,"timestamp":"2025-09-16T18:41:52.376Z"}
{"level":"info","message":"⌛ Building environment","timeElapsed":495,"timestamp":"2025-09-16T18:41:52.944Z"}
{"level":"info","message":"⌛ Building environment","timeElapsed":409,"timestamp":"2025-09-16T18:41:53.436Z"}
{"level":"info","message":"⌛ Validating pgmProgram.wpgm","timeElapsed":554,"timestamp":"2025-09-16T18:41:54.070Z"}
{"level":"info","message":"⌛ Validating pgmProgram.wpgm","timeElapsed":1221,"timestamp":"2025-09-16T18:41:55.950Z"}
{"level":"info","message":"⌛ Building environment","timeElapsed":1284,"timestamp":"2025-09-16T18:41:57.242Z"}
{"level":"info","message":"⌛ Building environment","timeElapsed":570,"timestamp":"2025-09-16T18:41:57.889Z"}
{"level":"info","message":"⌛ Validating pgmProgram.wpgm","timeElapsed":508,"timestamp":"2025-09-16T18:41:58.502Z"}
{"level":"info","message":"⌛ Building environment","timeElapsed":514,"timestamp":"2025-09-16T18:41:59.021Z"}
{"level":"info","message":"⌛ Validating pgmProgram.wpgm","timeElapsed":533,"timestamp":"2025-09-16T18:41:59.558Z"}
{"level":"info","message":"⌛ Validating pgmProgram.wpgm","timeElapsed":531,"timestamp":"2025-09-16T18:42:00.138Z"}
{"level":"info","message":"⌛ Validating pgmProgram.wpgm","timeElapsed":543,"timestamp":"2025-09-16T18:42:00.683Z"}
{"level":"info","message":"⌛ Building environment","timeElapsed":802,"timestamp":"2025-09-16T18:42:01.487Z"}
{"level":"info","message":"⌛ Building environment","timeElapsed":839,"timestamp":"2025-09-16T18:42:02.394Z"}
{"level":"info","message":"⌛ Validating pgmProgram.wpgm","timeElapsed":731,"timestamp":"2025-09-16T18:42:03.325Z"}
{"level":"info","message":"⌛ Building environment","timeElapsed":2150,"timestamp":"2025-09-16T18:42:05.489Z"}
{"level":"info","message":"⌛ Validating pgmProgram.wpgm","timeElapsed":927,"timestamp":"2025-09-16T18:42:06.421Z"}
{"level":"info","message":"⌛ Building environment","timeElapsed":792,"timestamp":"2025-09-16T18:42:07.336Z"}
{"level":"info","message":"⌛ Building environment","timeElapsed":955,"timestamp":"2025-09-16T18:42:08.293Z"}
{"level":"info","message":"⌛ Building environment","timeElapsed":802,"timestamp":"2025-09-16T18:42:09.172Z"}
{"level":"info","message":"⌛ Validating pgmProgram.wpgm","timeElapsed":1278,"timestamp":"2025-09-16T18:42:10.470Z"}
{"level":"info","message":"⌛ Building environment","timeElapsed":713,"timestamp":"2025-09-16T18:42:11.251Z"}
{"level":"info","message":"⌛ Building environment","timeElapsed":2618,"timestamp":"2025-09-16T18:42:13.908Z"}
{"level":"info","message":"⌛ Building environment","timeElapsed":1778,"timestamp":"2025-09-16T18:42:15.693Z"}
{"level":"info","message":"⌛ Building environment","timeElapsed":640,"timestamp":"2025-09-16T18:42:16.344Z"}
{"level":"info","message":"⌛ Building environment","timeElapsed":540,"timestamp":"2025-09-16T18:42:16.935Z"}
{"level":"info","message":"⌛ Building environment","timeElapsed":467,"timestamp":"2025-09-16T18:42:17.406Z"}
{"level":"info","message":"⌛ Validating pgmProgram.wpgm","timeElapsed":681,"timestamp":"2025-09-16T18:42:18.092Z"}
{"level":"info","message":"⌛ Building environment","timeElapsed":635,"timestamp":"2025-09-16T18:42:18.740Z"}
{"level":"info","message":"⌛ Building environment","timeElapsed":549,"timestamp":"2025-09-16T18:42:19.294Z"}
{"level":"info","message":"⌛ Building environment","timeElapsed":474,"timestamp":"2025-09-16T18:42:19.770Z"}
{"level":"info","message":"⌛ Building environment","timeElapsed":462,"timestamp":"2025-09-16T18:42:20.336Z"}
{"level":"info","message":"⌛ Building environment","timeElapsed":452,"timestamp":"2025-09-16T18:42:20.904Z"}
{"level":"info","message":"⌛ Building environment","timeElapsed":552,"timestamp":"2025-09-16T18:42:21.540Z"}
{"level":"info","message":"⌛ Building environment","timeElapsed":499,"timestamp":"2025-09-16T18:42:22.124Z"}
{"level":"info","message":"⌛ Building environment","timeElapsed":437,"timestamp":"2025-09-16T18:42:22.641Z"}
{"level":"info","message":"⌛ Building environment","timeElapsed":3936,"timestamp":"2025-09-16T18:42:27.123Z"}
{"level":"info","message":"⌛ Building environment","timeElapsed":592,"timestamp":"2025-09-16T18:42:27.720Z"}
{"level":"info","message":"⌛ Building environment","timeElapsed":557,"timestamp":"2025-09-16T18:42:28.419Z"}
{"level":"info","message":"⌛ Validating pgmProgram.wpgm","timeElapsed":804,"timestamp":"2025-09-16T18:42:29.228Z"}
{"errors":{"errors":[null,[null,[null,null,[null,"/*const rivales = [new Rival(numero = 1), new Rival(numero = 2)]\r\n\t\r\n\trivales.forEach { rival => \r\n\t\tgame.addVisual(rival)\r\n\t\tgame.whenCollideDo(rival, { personaje =>\r\n\t\t\tpersonaje.perderVida()\r\n\t\t\tgame.say(pacman, \"Ups! Perdí una vida\")\r\n\t\t\tif (personaje.juegoTerminado()) {\r\n\t\t\t\tgame.say(pacman, \"Se me terminaron las vidas!!!\")\r\n\t\t\t\tgame.onTick(5000, \"gameEnd\", { game.stop() })\r\n\t\t\t}\r\n\t\t})\r\n\t}\r\n\t\r\n\t// que arranque el juego!\r\n\tgame.start()\r\n\t*/"]]]]},"level":"error","message":"✘ Failed to get type description: Error: {\n  \"errors\": [\n    null,\n    [\n      null,\n      [\n        null,\n        null,\n        [\n          null,\n          \"/*const rivales = [new Rival(numero = 1), new Rival(numero = 2)]\\r\\n\\t\\r\\n\\trivales.forEach { rival => \\r\\n\\t\\tgame.addVisual(rival)\\r\\n\\t\\tgame.whenCollideDo(rival, { personaje =>\\r\\n\\t\\t\\tpersonaje.perderVida()\\r\\n\\t\\t\\tgame.say(pacman, \\\"Ups! Perdí una vida\\\")\\r\\n\\t\\t\\tif (personaje.juegoTerminado()) {\\r\\n\\t\\t\\t\\tgame.say(pacman, \\\"Se me terminaron las vidas!!!\\\")\\r\\n\\t\\t\\t\\tgame.onTick(5000, \\\"gameEnd\\\", { game.stop() })\\r\\n\\t\\t\\t}\\r\\n\\t\\t})\\r\\n\\t}\\r\\n\\t\\r\\n\\t// que arranque el juego!\\r\\n\\tgame.start()\\r\\n\\t*/\"\n        ]\n      ]\n    ]\n  ]\n} {\n  \"errors\": [\n    null,\n    [\n      null,\n      [\n        null,\n        null,\n        [\n          null,\n          \"/*const rivales = [new Rival(numero = 1), new Rival(numero = 2)]\\r\\n\\t\\r\\n\\trivales.forEach { rival => \\r\\n\\t\\tgame.addVisual(rival)\\r\\n\\t\\tgame.whenCollideDo(rival, { personaje =>\\r\\n\\t\\t\\tpersonaje.perderVida()\\r\\n\\t\\t\\tgame.say(pacman, \\\"Ups! Perdí una vida\\\")\\r\\n\\t\\t\\tif (personaje.juegoTerminado()) {\\r\\n\\t\\t\\t\\tgame.say(pacman, \\\"Se me terminaron las vidas!!!\\\")\\r\\n\\t\\t\\t\\tgame.onTick(5000, \\\"gameEnd\\\", { game.stop() })\\r\\n\\t\\t\\t}\\r\\n\\t\\t})\\r\\n\\t}\\r\\n\\t\\r\\n\\t// que arranque el juego!\\r\\n\\tgame.start()\\r\\n\\t*/\"\n        ]\n      ]\n    ]\n  ]\n}","stack":"Error: {\n  \"errors\": [\n    null,\n    [\n      null,\n      [\n        null,\n        null,\n        [\n          null,\n          \"/*const rivales = [new Rival(numero = 1), new Rival(numero = 2)]\\r\\n\\t\\r\\n\\trivales.forEach { rival => \\r\\n\\t\\tgame.addVisual(rival)\\r\\n\\t\\tgame.whenCollideDo(rival, { personaje =>\\r\\n\\t\\t\\tpersonaje.perderVida()\\r\\n\\t\\t\\tgame.say(pacman, \\\"Ups! Perdí una vida\\\")\\r\\n\\t\\t\\tif (personaje.juegoTerminado()) {\\r\\n\\t\\t\\t\\tgame.say(pacman, \\\"Se me terminaron las vidas!!!\\\")\\r\\n\\t\\t\\t\\tgame.onTick(5000, \\\"gameEnd\\\", { game.stop() })\\r\\n\\t\\t\\t}\\r\\n\\t\\t})\\r\\n\\t}\\r\\n\\t\\r\\n\\t// que arranque el juego!\\r\\n\\tgame.start()\\r\\n\\t*/\"\n        ]\n      ]\n    ]\n  ]\n}\n    at aS (c:\\Users\\Andrea\\.vscode\\extensions\\uqbar.wollok-lsp-ide-0.5.3\\out\\server\\src\\server.js:64:34609)\n    at K1 (c:\\Users\\Andrea\\.vscode\\extensions\\uqbar.wollok-lsp-ide-0.5.3\\out\\server\\src\\server.js:64:34682)\n    at c:\\Users\\Andrea\\.vscode\\extensions\\uqbar.wollok-lsp-ide-0.5.3\\out\\server\\src\\server.js:64:37949\n    at o.g1 (c:\\Users\\Andrea\\.vscode\\extensions\\uqbar.wollok-lsp-ide-0.5.3\\out\\server\\src\\server.js:57:58803)\n    at i4 (c:\\Users\\Andrea\\.vscode\\extensions\\uqbar.wollok-lsp-ide-0.5.3\\out\\server\\src\\server.js:64:37918)\n    at i4 (c:\\Users\\Andrea\\.vscode\\extensions\\uqbar.wollok-lsp-ide-0.5.3\\out\\server\\src\\server.js:57:56832)\n    at zbn (c:\\Users\\Andrea\\.vscode\\extensions\\uqbar.wollok-lsp-ide-0.5.3\\out\\server\\src\\server.js:68:2842)\n    at c:\\Users\\Andrea\\.vscode\\extensions\\uqbar.wollok-lsp-ide-0.5.3\\out\\server\\src\\server.js:68:2432\n    at c:\\Users\\Andrea\\.vscode\\extensions\\uqbar.wollok-lsp-ide-0.5.3\\out\\server\\src\\server.js:68:5443\n    at c:\\Users\\Andrea\\.vscode\\extensions\\uqbar.wollok-lsp-ide-0.5.3\\out\\server\\src\\server.js:38:6131","timestamp":"2025-09-16T18:42:29.424Z"}
{"errors":{"errors":[null,[null,[null,null,[null,"/*const rivales = [new Rival(numero = 1), new Rival(numero = 2)]\r\n\t\r\n\trivales.forEach { rival => \r\n\t\tgame.addVisual(rival)\r\n\t\tgame.whenCollideDo(rival, { personaje =>\r\n\t\t\tpersonaje.perderVida()\r\n\t\t\tgame.say(pacman, \"Ups! Perdí una vida\")\r\n\t\t\tif (personaje.juegoTerminado()) {\r\n\t\t\t\tgame.say(pacman, \"Se me terminaron las vidas!!!\")\r\n\t\t\t\tgame.onTick(5000, \"gameEnd\", { game.stop() })\r\n\t\t\t}\r\n\t\t})\r\n\t}\r\n\t\r\n\t// que arranque el juego!\r\n\tgame.start()\r\n\t*/"]]]]},"level":"error","message":"✘ Failed to get type description: Error: {\n  \"errors\": [\n    null,\n    [\n      null,\n      [\n        null,\n        null,\n        [\n          null,\n          \"/*const rivales = [new Rival(numero = 1), new Rival(numero = 2)]\\r\\n\\t\\r\\n\\trivales.forEach { rival => \\r\\n\\t\\tgame.addVisual(rival)\\r\\n\\t\\tgame.whenCollideDo(rival, { personaje =>\\r\\n\\t\\t\\tpersonaje.perderVida()\\r\\n\\t\\t\\tgame.say(pacman, \\\"Ups! Perdí una vida\\\")\\r\\n\\t\\t\\tif (personaje.juegoTerminado()) {\\r\\n\\t\\t\\t\\tgame.say(pacman, \\\"Se me terminaron las vidas!!!\\\")\\r\\n\\t\\t\\t\\tgame.onTick(5000, \\\"gameEnd\\\", { game.stop() })\\r\\n\\t\\t\\t}\\r\\n\\t\\t})\\r\\n\\t}\\r\\n\\t\\r\\n\\t// que arranque el juego!\\r\\n\\tgame.start()\\r\\n\\t*/\"\n        ]\n      ]\n    ]\n  ]\n} {\n  \"errors\": [\n    null,\n    [\n      null,\n      [\n        null,\n        null,\n        [\n          null,\n          \"/*const rivales = [new Rival(numero = 1), new Rival(numero = 2)]\\r\\n\\t\\r\\n\\trivales.forEach { rival => \\r\\n\\t\\tgame.addVisual(rival)\\r\\n\\t\\tgame.whenCollideDo(rival, { personaje =>\\r\\n\\t\\t\\tpersonaje.perderVida()\\r\\n\\t\\t\\tgame.say(pacman, \\\"Ups! Perdí una vida\\\")\\r\\n\\t\\t\\tif (personaje.juegoTerminado()) {\\r\\n\\t\\t\\t\\tgame.say(pacman, \\\"Se me terminaron las vidas!!!\\\")\\r\\n\\t\\t\\t\\tgame.onTick(5000, \\\"gameEnd\\\", { game.stop() })\\r\\n\\t\\t\\t}\\r\\n\\t\\t})\\r\\n\\t}\\r\\n\\t\\r\\n\\t// que arranque el juego!\\r\\n\\tgame.start()\\r\\n\\t*/\"\n        ]\n      ]\n    ]\n  ]\n}","stack":"Error: {\n  \"errors\": [\n    null,\n    [\n      null,\n      [\n        null,\n        null,\n        [\n          null,\n          \"/*const rivales = [new Rival(numero = 1), new Rival(numero = 2)]\\r\\n\\t\\r\\n\\trivales.forEach { rival => \\r\\n\\t\\tgame.addVisual(rival)\\r\\n\\t\\tgame.whenCollideDo(rival, { personaje =>\\r\\n\\t\\t\\tpersonaje.perderVida()\\r\\n\\t\\t\\tgame.say(pacman, \\\"Ups! Perdí una vida\\\")\\r\\n\\t\\t\\tif (personaje.juegoTerminado()) {\\r\\n\\t\\t\\t\\tgame.say(pacman, \\\"Se me terminaron las vidas!!!\\\")\\r\\n\\t\\t\\t\\tgame.onTick(5000, \\\"gameEnd\\\", { game.stop() })\\r\\n\\t\\t\\t}\\r\\n\\t\\t})\\r\\n\\t}\\r\\n\\t\\r\\n\\t// que arranque el juego!\\r\\n\\tgame.start()\\r\\n\\t*/\"\n        ]\n      ]\n    ]\n  ]\n}\n    at aS (c:\\Users\\Andrea\\.vscode\\extensions\\uqbar.wollok-lsp-ide-0.5.3\\out\\server\\src\\server.js:64:34609)\n    at K1 (c:\\Users\\Andrea\\.vscode\\extensions\\uqbar.wollok-lsp-ide-0.5.3\\out\\server\\src\\server.js:64:34682)\n    at c:\\Users\\Andrea\\.vscode\\extensions\\uqbar.wollok-lsp-ide-0.5.3\\out\\server\\src\\server.js:64:37949\n    at o.g1 (c:\\Users\\Andrea\\.vscode\\extensions\\uqbar.wollok-lsp-ide-0.5.3\\out\\server\\src\\server.js:57:58803)\n    at i4 (c:\\Users\\Andrea\\.vscode\\extensions\\uqbar.wollok-lsp-ide-0.5.3\\out\\server\\src\\server.js:64:37918)\n    at i4 (c:\\Users\\Andrea\\.vscode\\extensions\\uqbar.wollok-lsp-ide-0.5.3\\out\\server\\src\\server.js:57:56832)\n    at zbn (c:\\Users\\Andrea\\.vscode\\extensions\\uqbar.wollok-lsp-ide-0.5.3\\out\\server\\src\\server.js:68:2842)\n    at c:\\Users\\Andrea\\.vscode\\extensions\\uqbar.wollok-lsp-ide-0.5.3\\out\\server\\src\\server.js:68:2432\n    at c:\\Users\\Andrea\\.vscode\\extensions\\uqbar.wollok-lsp-ide-0.5.3\\out\\server\\src\\server.js:68:5443\n    at c:\\Users\\Andrea\\.vscode\\extensions\\uqbar.wollok-lsp-ide-0.5.3\\out\\server\\src\\server.js:38:6131","timestamp":"2025-09-16T18:42:29.591Z"}
{"errors":{"errors":[null,[null,[null,null,[null,"/*const rivales = [new Rival(numero = 1), new Rival(numero = 2)]\r\n\t\r\n\trivales.forEach { rival => \r\n\t\tgame.addVisual(rival)\r\n\t\tgame.whenCollideDo(rival, { personaje =>\r\n\t\t\tpersonaje.perderVida()\r\n\t\t\tgame.say(pacman, \"Ups! Perdí una vida\")\r\n\t\t\tif (personaje.juegoTerminado()) {\r\n\t\t\t\tgame.say(pacman, \"Se me terminaron las vidas!!!\")\r\n\t\t\t\tgame.onTick(5000, \"gameEnd\", { game.stop() })\r\n\t\t\t}\r\n\t\t})\r\n\t}\r\n\t\r\n\t// que arranque el juego!\r\n\tgame.start()\r\n\t*/"]]]]},"level":"error","message":"✘ Failed to get type description: Error: {\n  \"errors\": [\n    null,\n    [\n      null,\n      [\n        null,\n        null,\n        [\n          null,\n          \"/*const rivales = [new Rival(numero = 1), new Rival(numero = 2)]\\r\\n\\t\\r\\n\\trivales.forEach { rival => \\r\\n\\t\\tgame.addVisual(rival)\\r\\n\\t\\tgame.whenCollideDo(rival, { personaje =>\\r\\n\\t\\t\\tpersonaje.perderVida()\\r\\n\\t\\t\\tgame.say(pacman, \\\"Ups! Perdí una vida\\\")\\r\\n\\t\\t\\tif (personaje.juegoTerminado()) {\\r\\n\\t\\t\\t\\tgame.say(pacman, \\\"Se me terminaron las vidas!!!\\\")\\r\\n\\t\\t\\t\\tgame.onTick(5000, \\\"gameEnd\\\", { game.stop() })\\r\\n\\t\\t\\t}\\r\\n\\t\\t})\\r\\n\\t}\\r\\n\\t\\r\\n\\t// que arranque el juego!\\r\\n\\tgame.start()\\r\\n\\t*/\"\n        ]\n      ]\n    ]\n  ]\n} {\n  \"errors\": [\n    null,\n    [\n      null,\n      [\n        null,\n        null,\n        [\n          null,\n          \"/*const rivales = [new Rival(numero = 1), new Rival(numero = 2)]\\r\\n\\t\\r\\n\\trivales.forEach { rival => \\r\\n\\t\\tgame.addVisual(rival)\\r\\n\\t\\tgame.whenCollideDo(rival, { personaje =>\\r\\n\\t\\t\\tpersonaje.perderVida()\\r\\n\\t\\t\\tgame.say(pacman, \\\"Ups! Perdí una vida\\\")\\r\\n\\t\\t\\tif (personaje.juegoTerminado()) {\\r\\n\\t\\t\\t\\tgame.say(pacman, \\\"Se me terminaron las vidas!!!\\\")\\r\\n\\t\\t\\t\\tgame.onTick(5000, \\\"gameEnd\\\", { game.stop() })\\r\\n\\t\\t\\t}\\r\\n\\t\\t})\\r\\n\\t}\\r\\n\\t\\r\\n\\t// que arranque el juego!\\r\\n\\tgame.start()\\r\\n\\t*/\"\n        ]\n      ]\n    ]\n  ]\n}","stack":"Error: {\n  \"errors\": [\n    null,\n    [\n      null,\n      [\n        null,\n        null,\n        [\n          null,\n          \"/*const rivales = [new Rival(numero = 1), new Rival(numero = 2)]\\r\\n\\t\\r\\n\\trivales.forEach { rival => \\r\\n\\t\\tgame.addVisual(rival)\\r\\n\\t\\tgame.whenCollideDo(rival, { personaje =>\\r\\n\\t\\t\\tpersonaje.perderVida()\\r\\n\\t\\t\\tgame.say(pacman, \\\"Ups! Perdí una vida\\\")\\r\\n\\t\\t\\tif (personaje.juegoTerminado()) {\\r\\n\\t\\t\\t\\tgame.say(pacman, \\\"Se me terminaron las vidas!!!\\\")\\r\\n\\t\\t\\t\\tgame.onTick(5000, \\\"gameEnd\\\", { game.stop() })\\r\\n\\t\\t\\t}\\r\\n\\t\\t})\\r\\n\\t}\\r\\n\\t\\r\\n\\t// que arranque el juego!\\r\\n\\tgame.start()\\r\\n\\t*/\"\n        ]\n      ]\n    ]\n  ]\n}\n    at aS (c:\\Users\\Andrea\\.vscode\\extensions\\uqbar.wollok-lsp-ide-0.5.3\\out\\server\\src\\server.js:64:34609)\n    at K1 (c:\\Users\\Andrea\\.vscode\\extensions\\uqbar.wollok-lsp-ide-0.5.3\\out\\server\\src\\server.js:64:34682)\n    at c:\\Users\\Andrea\\.vscode\\extensions\\uqbar.wollok-lsp-ide-0.5.3\\out\\server\\src\\server.js:64:37949\n    at o.g1 (c:\\Users\\Andrea\\.vscode\\extensions\\uqbar.wollok-lsp-ide-0.5.3\\out\\server\\src\\server.js:57:58803)\n    at i4 (c:\\Users\\Andrea\\.vscode\\extensions\\uqbar.wollok-lsp-ide-0.5.3\\out\\server\\src\\server.js:64:37918)\n    at i4 (c:\\Users\\Andrea\\.vscode\\extensions\\uqbar.wollok-lsp-ide-0.5.3\\out\\server\\src\\server.js:57:56832)\n    at zbn (c:\\Users\\Andrea\\.vscode\\extensions\\uqbar.wollok-lsp-ide-0.5.3\\out\\server\\src\\server.js:68:2842)\n    at c:\\Users\\Andrea\\.vscode\\extensions\\uqbar.wollok-lsp-ide-0.5.3\\out\\server\\src\\server.js:68:2432\n    at c:\\Users\\Andrea\\.vscode\\extensions\\uqbar.wollok-lsp-ide-0.5.3\\out\\server\\src\\server.js:68:5443\n    at c:\\Users\\Andrea\\.vscode\\extensions\\uqbar.wollok-lsp-ide-0.5.3\\out\\server\\src\\server.js:38:6131","timestamp":"2025-09-16T18:42:29.726Z"}
{"errors":{"errors":[null,[null,[null,null,[null,"/*const rivales = [new Rival(numero = 1), new Rival(numero = 2)]\r\n\t\r\n\trivales.forEach { rival => \r\n\t\tgame.addVisual(rival)\r\n\t\tgame.whenCollideDo(rival, { personaje =>\r\n\t\t\tpersonaje.perderVida()\r\n\t\t\tgame.say(pacman, \"Ups! Perdí una vida\")\r\n\t\t\tif (personaje.juegoTerminado()) {\r\n\t\t\t\tgame.say(pacman, \"Se me terminaron las vidas!!!\")\r\n\t\t\t\tgame.onTick(5000, \"gameEnd\", { game.stop() })\r\n\t\t\t}\r\n\t\t})\r\n\t}\r\n\t\r\n\t// que arranque el juego!\r\n\tgame.start()\r\n\t*/"]]]]},"level":"error","message":"✘ Failed to get type description: Error: {\n  \"errors\": [\n    null,\n    [\n      null,\n      [\n        null,\n        null,\n        [\n          null,\n          \"/*const rivales = [new Rival(numero = 1), new Rival(numero = 2)]\\r\\n\\t\\r\\n\\trivales.forEach { rival => \\r\\n\\t\\tgame.addVisual(rival)\\r\\n\\t\\tgame.whenCollideDo(rival, { personaje =>\\r\\n\\t\\t\\tpersonaje.perderVida()\\r\\n\\t\\t\\tgame.say(pacman, \\\"Ups! Perdí una vida\\\")\\r\\n\\t\\t\\tif (personaje.juegoTerminado()) {\\r\\n\\t\\t\\t\\tgame.say(pacman, \\\"Se me terminaron las vidas!!!\\\")\\r\\n\\t\\t\\t\\tgame.onTick(5000, \\\"gameEnd\\\", { game.stop() })\\r\\n\\t\\t\\t}\\r\\n\\t\\t})\\r\\n\\t}\\r\\n\\t\\r\\n\\t// que arranque el juego!\\r\\n\\tgame.start()\\r\\n\\t*/\"\n        ]\n      ]\n    ]\n  ]\n} {\n  \"errors\": [\n    null,\n    [\n      null,\n      [\n        null,\n        null,\n        [\n          null,\n          \"/*const rivales = [new Rival(numero = 1), new Rival(numero = 2)]\\r\\n\\t\\r\\n\\trivales.forEach { rival => \\r\\n\\t\\tgame.addVisual(rival)\\r\\n\\t\\tgame.whenCollideDo(rival, { personaje =>\\r\\n\\t\\t\\tpersonaje.perderVida()\\r\\n\\t\\t\\tgame.say(pacman, \\\"Ups! Perdí una vida\\\")\\r\\n\\t\\t\\tif (personaje.juegoTerminado()) {\\r\\n\\t\\t\\t\\tgame.say(pacman, \\\"Se me terminaron las vidas!!!\\\")\\r\\n\\t\\t\\t\\tgame.onTick(5000, \\\"gameEnd\\\", { game.stop() })\\r\\n\\t\\t\\t}\\r\\n\\t\\t})\\r\\n\\t}\\r\\n\\t\\r\\n\\t// que arranque el juego!\\r\\n\\tgame.start()\\r\\n\\t*/\"\n        ]\n      ]\n    ]\n  ]\n}","stack":"Error: {\n  \"errors\": [\n    null,\n    [\n      null,\n      [\n        null,\n        null,\n        [\n          null,\n          \"/*const rivales = [new Rival(numero = 1), new Rival(numero = 2)]\\r\\n\\t\\r\\n\\trivales.forEach { rival => \\r\\n\\t\\tgame.addVisual(rival)\\r\\n\\t\\tgame.whenCollideDo(rival, { personaje =>\\r\\n\\t\\t\\tpersonaje.perderVida()\\r\\n\\t\\t\\tgame.say(pacman, \\\"Ups! Perdí una vida\\\")\\r\\n\\t\\t\\tif (personaje.juegoTerminado()) {\\r\\n\\t\\t\\t\\tgame.say(pacman, \\\"Se me terminaron las vidas!!!\\\")\\r\\n\\t\\t\\t\\tgame.onTick(5000, \\\"gameEnd\\\", { game.stop() })\\r\\n\\t\\t\\t}\\r\\n\\t\\t})\\r\\n\\t}\\r\\n\\t\\r\\n\\t// que arranque el juego!\\r\\n\\tgame.start()\\r\\n\\t*/\"\n        ]\n      ]\n    ]\n  ]\n}\n    at aS (c:\\Users\\Andrea\\.vscode\\extensions\\uqbar.wollok-lsp-ide-0.5.3\\out\\server\\src\\server.js:64:34609)\n    at K1 (c:\\Users\\Andrea\\.vscode\\extensions\\uqbar.wollok-lsp-ide-0.5.3\\out\\server\\src\\server.js:64:34682)\n    at c:\\Users\\Andrea\\.vscode\\extensions\\uqbar.wollok-lsp-ide-0.5.3\\out\\server\\src\\server.js:64:37949\n    at o.g1 (c:\\Users\\Andrea\\.vscode\\extensions\\uqbar.wollok-lsp-ide-0.5.3\\out\\server\\src\\server.js:57:58803)\n    at i4 (c:\\Users\\Andrea\\.vscode\\extensions\\uqbar.wollok-lsp-ide-0.5.3\\out\\server\\src\\server.js:64:37918)\n    at i4 (c:\\Users\\Andrea\\.vscode\\extensions\\uqbar.wollok-lsp-ide-0.5.3\\out\\server\\src\\server.js:57:56832)\n    at zbn (c:\\Users\\Andrea\\.vscode\\extensions\\uqbar.wollok-lsp-ide-0.5.3\\out\\server\\src\\server.js:68:2842)\n    at c:\\Users\\Andrea\\.vscode\\extensions\\uqbar.wollok-lsp-ide-0.5.3\\out\\server\\src\\server.js:68:2432\n    at c:\\Users\\Andrea\\.vscode\\extensions\\uqbar.wollok-lsp-ide-0.5.3\\out\\server\\src\\server.js:68:5443\n    at c:\\Users\\Andrea\\.vscode\\extensions\\uqbar.wollok-lsp-ide-0.5.3\\out\\server\\src\\server.js:38:6131","timestamp":"2025-09-16T18:42:29.869Z"}
{"errors":{"errors":[null,[null,[null,null,[null,"/*const rivales = [new Rival(numero = 1), new Rival(numero = 2)]\r\n\t\r\n\trivales.forEach { rival => \r\n\t\tgame.addVisual(rival)\r\n\t\tgame.whenCollideDo(rival, { personaje =>\r\n\t\t\tpersonaje.perderVida()\r\n\t\t\tgame.say(pacman, \"Ups! Perdí una vida\")\r\n\t\t\tif (personaje.juegoTerminado()) {\r\n\t\t\t\tgame.say(pacman, \"Se me terminaron las vidas!!!\")\r\n\t\t\t\tgame.onTick(5000, \"gameEnd\", { game.stop() })\r\n\t\t\t}\r\n\t\t})\r\n\t}\r\n\t\r\n\t// que arranque el juego!\r\n\tgame.start()\r\n\t*/"]]]]},"level":"error","message":"✘ Failed to get type description: Error: {\n  \"errors\": [\n    null,\n    [\n      null,\n      [\n        null,\n        null,\n        [\n          null,\n          \"/*const rivales = [new Rival(numero = 1), new Rival(numero = 2)]\\r\\n\\t\\r\\n\\trivales.forEach { rival => \\r\\n\\t\\tgame.addVisual(rival)\\r\\n\\t\\tgame.whenCollideDo(rival, { personaje =>\\r\\n\\t\\t\\tpersonaje.perderVida()\\r\\n\\t\\t\\tgame.say(pacman, \\\"Ups! Perdí una vida\\\")\\r\\n\\t\\t\\tif (personaje.juegoTerminado()) {\\r\\n\\t\\t\\t\\tgame.say(pacman, \\\"Se me terminaron las vidas!!!\\\")\\r\\n\\t\\t\\t\\tgame.onTick(5000, \\\"gameEnd\\\", { game.stop() })\\r\\n\\t\\t\\t}\\r\\n\\t\\t})\\r\\n\\t}\\r\\n\\t\\r\\n\\t// que arranque el juego!\\r\\n\\tgame.start()\\r\\n\\t*/\"\n        ]\n      ]\n    ]\n  ]\n} {\n  \"errors\": [\n    null,\n    [\n      null,\n      [\n        null,\n        null,\n        [\n          null,\n          \"/*const rivales = [new Rival(numero = 1), new Rival(numero = 2)]\\r\\n\\t\\r\\n\\trivales.forEach { rival => \\r\\n\\t\\tgame.addVisual(rival)\\r\\n\\t\\tgame.whenCollideDo(rival, { personaje =>\\r\\n\\t\\t\\tpersonaje.perderVida()\\r\\n\\t\\t\\tgame.say(pacman, \\\"Ups! Perdí una vida\\\")\\r\\n\\t\\t\\tif (personaje.juegoTerminado()) {\\r\\n\\t\\t\\t\\tgame.say(pacman, \\\"Se me terminaron las vidas!!!\\\")\\r\\n\\t\\t\\t\\tgame.onTick(5000, \\\"gameEnd\\\", { game.stop() })\\r\\n\\t\\t\\t}\\r\\n\\t\\t})\\r\\n\\t}\\r\\n\\t\\r\\n\\t// que arranque el juego!\\r\\n\\tgame.start()\\r\\n\\t*/\"\n        ]\n      ]\n    ]\n  ]\n}","stack":"Error: {\n  \"errors\": [\n    null,\n    [\n      null,\n      [\n        null,\n        null,\n        [\n          null,\n          \"/*const rivales = [new Rival(numero = 1), new Rival(numero = 2)]\\r\\n\\t\\r\\n\\trivales.forEach { rival => \\r\\n\\t\\tgame.addVisual(rival)\\r\\n\\t\\tgame.whenCollideDo(rival, { personaje =>\\r\\n\\t\\t\\tpersonaje.perderVida()\\r\\n\\t\\t\\tgame.say(pacman, \\\"Ups! Perdí una vida\\\")\\r\\n\\t\\t\\tif (personaje.juegoTerminado()) {\\r\\n\\t\\t\\t\\tgame.say(pacman, \\\"Se me terminaron las vidas!!!\\\")\\r\\n\\t\\t\\t\\tgame.onTick(5000, \\\"gameEnd\\\", { game.stop() })\\r\\n\\t\\t\\t}\\r\\n\\t\\t})\\r\\n\\t}\\r\\n\\t\\r\\n\\t// que arranque el juego!\\r\\n\\tgame.start()\\r\\n\\t*/\"\n        ]\n      ]\n    ]\n  ]\n}\n    at aS (c:\\Users\\Andrea\\.vscode\\extensions\\uqbar.wollok-lsp-ide-0.5.3\\out\\server\\src\\server.js:64:34609)\n    at K1 (c:\\Users\\Andrea\\.vscode\\extensions\\uqbar.wollok-lsp-ide-0.5.3\\out\\server\\src\\server.js:64:34682)\n    at c:\\Users\\Andrea\\.vscode\\extensions\\uqbar.wollok-lsp-ide-0.5.3\\out\\server\\src\\server.js:64:37949\n    at o.g1 (c:\\Users\\Andrea\\.vscode\\extensions\\uqbar.wollok-lsp-ide-0.5.3\\out\\server\\src\\server.js:57:58803)\n    at i4 (c:\\Users\\Andrea\\.vscode\\extensions\\uqbar.wollok-lsp-ide-0.5.3\\out\\server\\src\\server.js:64:37918)\n    at i4 (c:\\Users\\Andrea\\.vscode\\extensions\\uqbar.wollok-lsp-ide-0.5.3\\out\\server\\src\\server.js:57:56832)\n    at zbn (c:\\Users\\Andrea\\.vscode\\extensions\\uqbar.wollok-lsp-ide-0.5.3\\out\\server\\src\\server.js:68:2842)\n    at c:\\Users\\Andrea\\.vscode\\extensions\\uqbar.wollok-lsp-ide-0.5.3\\out\\server\\src\\server.js:68:2432\n    at c:\\Users\\Andrea\\.vscode\\extensions\\uqbar.wollok-lsp-ide-0.5.3\\out\\server\\src\\server.js:68:5443\n    at c:\\Users\\Andrea\\.vscode\\extensions\\uqbar.wollok-lsp-ide-0.5.3\\out\\server\\src\\server.js:38:6131","timestamp":"2025-09-16T18:42:30.023Z"}
{"errors":{"errors":[null,[null,[null,null,[null,"/*const rivales = [new Rival(numero = 1), new Rival(numero = 2)]\r\n\t\r\n\trivales.forEach { rival => \r\n\t\tgame.addVisual(rival)\r\n\t\tgame.whenCollideDo(rival, { personaje =>\r\n\t\t\tpersonaje.perderVida()\r\n\t\t\tgame.say(pacman, \"Ups! Perdí una vida\")\r\n\t\t\tif (personaje.juegoTerminado()) {\r\n\t\t\t\tgame.say(pacman, \"Se me terminaron las vidas!!!\")\r\n\t\t\t\tgame.onTick(5000, \"gameEnd\", { game.stop() })\r\n\t\t\t}\r\n\t\t})\r\n\t}\r\n\t\r\n\t// que arranque el juego!\r\n\tgame.start()\r\n\t*/"]]]]},"level":"error","message":"✘ Failed to get type description: Error: {\n  \"errors\": [\n    null,\n    [\n      null,\n      [\n        null,\n        null,\n        [\n          null,\n          \"/*const rivales = [new Rival(numero = 1), new Rival(numero = 2)]\\r\\n\\t\\r\\n\\trivales.forEach { rival => \\r\\n\\t\\tgame.addVisual(rival)\\r\\n\\t\\tgame.whenCollideDo(rival, { personaje =>\\r\\n\\t\\t\\tpersonaje.perderVida()\\r\\n\\t\\t\\tgame.say(pacman, \\\"Ups! Perdí una vida\\\")\\r\\n\\t\\t\\tif (personaje.juegoTerminado()) {\\r\\n\\t\\t\\t\\tgame.say(pacman, \\\"Se me terminaron las vidas!!!\\\")\\r\\n\\t\\t\\t\\tgame.onTick(5000, \\\"gameEnd\\\", { game.stop() })\\r\\n\\t\\t\\t}\\r\\n\\t\\t})\\r\\n\\t}\\r\\n\\t\\r\\n\\t// que arranque el juego!\\r\\n\\tgame.start()\\r\\n\\t*/\"\n        ]\n      ]\n    ]\n  ]\n} {\n  \"errors\": [\n    null,\n    [\n      null,\n      [\n        null,\n        null,\n        [\n          null,\n          \"/*const rivales = [new Rival(numero = 1), new Rival(numero = 2)]\\r\\n\\t\\r\\n\\trivales.forEach { rival => \\r\\n\\t\\tgame.addVisual(rival)\\r\\n\\t\\tgame.whenCollideDo(rival, { personaje =>\\r\\n\\t\\t\\tpersonaje.perderVida()\\r\\n\\t\\t\\tgame.say(pacman, \\\"Ups! Perdí una vida\\\")\\r\\n\\t\\t\\tif (personaje.juegoTerminado()) {\\r\\n\\t\\t\\t\\tgame.say(pacman, \\\"Se me terminaron las vidas!!!\\\")\\r\\n\\t\\t\\t\\tgame.onTick(5000, \\\"gameEnd\\\", { game.stop() })\\r\\n\\t\\t\\t}\\r\\n\\t\\t})\\r\\n\\t}\\r\\n\\t\\r\\n\\t// que arranque el juego!\\r\\n\\tgame.start()\\r\\n\\t*/\"\n        ]\n      ]\n    ]\n  ]\n}","stack":"Error: {\n  \"errors\": [\n    null,\n    [\n      null,\n      [\n        null,\n        null,\n        [\n          null,\n          \"/*const rivales = [new Rival(numero = 1), new Rival(numero = 2)]\\r\\n\\t\\r\\n\\trivales.forEach { rival => \\r\\n\\t\\tgame.addVisual(rival)\\r\\n\\t\\tgame.whenCollideDo(rival, { personaje =>\\r\\n\\t\\t\\tpersonaje.perderVida()\\r\\n\\t\\t\\tgame.say(pacman, \\\"Ups! Perdí una vida\\\")\\r\\n\\t\\t\\tif (personaje.juegoTerminado()) {\\r\\n\\t\\t\\t\\tgame.say(pacman, \\\"Se me terminaron las vidas!!!\\\")\\r\\n\\t\\t\\t\\tgame.onTick(5000, \\\"gameEnd\\\", { game.stop() })\\r\\n\\t\\t\\t}\\r\\n\\t\\t})\\r\\n\\t}\\r\\n\\t\\r\\n\\t// que arranque el juego!\\r\\n\\tgame.start()\\r\\n\\t*/\"\n        ]\n      ]\n    ]\n  ]\n}\n    at aS (c:\\Users\\Andrea\\.vscode\\extensions\\uqbar.wollok-lsp-ide-0.5.3\\out\\server\\src\\server.js:64:34609)\n    at K1 (c:\\Users\\Andrea\\.vscode\\extensions\\uqbar.wollok-lsp-ide-0.5.3\\out\\server\\src\\server.js:64:34682)\n    at c:\\Users\\Andrea\\.vscode\\extensions\\uqbar.wollok-lsp-ide-0.5.3\\out\\server\\src\\server.js:64:37949\n    at o.g1 (c:\\Users\\Andrea\\.vscode\\extensions\\uqbar.wollok-lsp-ide-0.5.3\\out\\server\\src\\server.js:57:58803)\n    at i4 (c:\\Users\\Andrea\\.vscode\\extensions\\uqbar.wollok-lsp-ide-0.5.3\\out\\server\\src\\server.js:64:37918)\n    at i4 (c:\\Users\\Andrea\\.vscode\\extensions\\uqbar.wollok-lsp-ide-0.5.3\\out\\server\\src\\server.js:57:56832)\n    at zbn (c:\\Users\\Andrea\\.vscode\\extensions\\uqbar.wollok-lsp-ide-0.5.3\\out\\server\\src\\server.js:68:2842)\n    at c:\\Users\\Andrea\\.vscode\\extensions\\uqbar.wollok-lsp-ide-0.5.3\\out\\server\\src\\server.js:68:2432\n    at c:\\Users\\Andrea\\.vscode\\extensions\\uqbar.wollok-lsp-ide-0.5.3\\out\\server\\src\\server.js:68:5443\n    at c:\\Users\\Andrea\\.vscode\\extensions\\uqbar.wollok-lsp-ide-0.5.3\\out\\server\\src\\server.js:38:6131","timestamp":"2025-09-16T18:42:30.276Z"}
{"level":"info","message":"⌛ Validating pgmProgram.wpgm","timeElapsed":1016,"timestamp":"2025-09-16T18:42:31.526Z"}
{"level":"info","message":"⌛ Building environment","timeElapsed":695,"timestamp":"2025-09-16T18:42:32.224Z"}
{"level":"error","message":"✘ Completions for node If ([33:3, 36:4] - pgmProgram.wpgm) failed: Error: [If]{512f80} at pgmProgram.wpgm:33 exhausted all cases without a match [If]{512f80} at pgmProgram.wpgm:33 exhausted all cases without a match","stack":"Error: [If]{512f80} at pgmProgram.wpgm:33 exhausted all cases without a match\n    at c:\\Users\\Andrea\\.vscode\\extensions\\uqbar.wollok-lsp-ide-0.5.3\\out\\server\\src\\server.js:38:6142\n    at D2 (c:\\Users\\Andrea\\.vscode\\extensions\\uqbar.wollok-lsp-ide-0.5.3\\out\\server\\src\\server.js:2384:42)\n    at Qh (c:\\Users\\Andrea\\.vscode\\extensions\\uqbar.wollok-lsp-ide-0.5.3\\out\\server\\src\\server.js:2384:1092)\n    at v6n (c:\\Users\\Andrea\\.vscode\\extensions\\uqbar.wollok-lsp-ide-0.5.3\\out\\server\\src\\server.js:2384:818)\n    at c:\\Users\\Andrea\\.vscode\\extensions\\uqbar.wollok-lsp-ide-0.5.3\\out\\server\\src\\server.js:38:6131\n    at D2 (c:\\Users\\Andrea\\.vscode\\extensions\\uqbar.wollok-lsp-ide-0.5.3\\out\\server\\src\\server.js:2384:42)\n    at Qh (c:\\Users\\Andrea\\.vscode\\extensions\\uqbar.wollok-lsp-ide-0.5.3\\out\\server\\src\\server.js:2384:1092)\n    at k6n (c:\\Users\\Andrea\\.vscode\\extensions\\uqbar.wollok-lsp-ide-0.5.3\\out\\server\\src\\server.js:2384:1248)\n    at c:\\Users\\Andrea\\.vscode\\extensions\\uqbar.wollok-lsp-ide-0.5.3\\out\\server\\src\\server.js:38:6131\n    at D2 (c:\\Users\\Andrea\\.vscode\\extensions\\uqbar.wollok-lsp-ide-0.5.3\\out\\server\\src\\server.js:2384:42)","timestamp":"2025-09-16T18:42:32.477Z"}
{"level":"info","message":"⌛ Autocomplete - Reference","timeElapsed":159,"timestamp":"2025-09-16T18:42:32.494Z"}
{"level":"info","message":"⌛ Building environment","timeElapsed":914,"timestamp":"2025-09-16T18:42:33.475Z"}
{"level":"info","message":"⌛ Building environment","timeElapsed":1063,"timestamp":"2025-09-16T18:42:34.542Z"}
{"level":"info","message":"⌛ Building environment","timeElapsed":458,"timestamp":"2025-09-16T18:42:35.004Z"}
{"level":"info","message":"⌛ Building environment","timeElapsed":960,"timestamp":"2025-09-16T18:42:36.072Z"}
{"level":"info","message":"⌛ Autocomplete - Body","timeElapsed":200,"timestamp":"2025-09-16T18:42:36.392Z"}
{"level":"info","message":"⌛ Validating pgmProgram.wpgm","timeElapsed":2010,"timestamp":"2025-09-16T18:42:38.440Z"}
{"level":"info","message":"⌛ Building environment","timeElapsed":1053,"timestamp":"2025-09-16T18:42:39.494Z"}
{"level":"info","message":"⌛ Building environment","timeElapsed":5081,"timestamp":"2025-09-16T18:42:44.577Z"}
{"level":"info","message":"⌛ Validating pgmProgram.wpgm","timeElapsed":2070,"timestamp":"2025-09-16T18:42:46.712Z"}
{"level":"info","message":"⌛ Building environment","timeElapsed":3143,"timestamp":"2025-09-16T18:42:49.911Z"}
{"level":"info","message":"⌛ Building environment","timeElapsed":2869,"timestamp":"2025-09-16T18:42:52.891Z"}
{"level":"info","message":"⌛ Building environment","timeElapsed":2785,"timestamp":"2025-09-16T18:42:55.811Z"}
{"level":"info","message":"⌛ Validating pgmProgram.wpgm","timeElapsed":3754,"timestamp":"2025-09-16T18:42:59.578Z"}
{"level":"info","message":"⌛ Building environment","timeElapsed":2668,"timestamp":"2025-09-16T18:43:02.445Z"}
{"level":"info","message":"⌛ Building environment","timeElapsed":3334,"timestamp":"2025-09-16T18:43:06.228Z"}
{"level":"info","message":"⌛ Validating pgmProgram.wpgm","timeElapsed":1374,"timestamp":"2025-09-16T18:43:07.711Z"}
{"level":"info","message":"⌛ Validating pgmProgram.wpgm","timeElapsed":1670,"timestamp":"2025-09-16T18:43:09.428Z"}
{"level":"info","message":"⌛ Building environment","timeElapsed":1084,"timestamp":"2025-09-16T18:43:10.529Z"}
{"level":"info","message":"⌛ Building environment","timeElapsed":2517,"timestamp":"2025-09-16T18:43:13.128Z"}
{"level":"info","message":"⌛ Building environment","timeElapsed":1834,"timestamp":"2025-09-16T18:43:15.001Z"}
{"level":"info","message":"⌛ Validating pgmProgram.wpgm","timeElapsed":904,"timestamp":"2025-09-16T18:43:15.961Z"}
{"level":"info","message":"⌛ Building environment","timeElapsed":1561,"timestamp":"2025-09-16T18:43:17.530Z"}
{"level":"info","message":"⌛ Validating pgmProgram.wpgm","timeElapsed":1113,"timestamp":"2025-09-16T18:43:18.686Z"}
{"level":"info","message":"⌛ Building environment","timeElapsed":1333,"timestamp":"2025-09-16T18:43:20.046Z"}
{"level":"info","message":"⌛ Building environment","timeElapsed":1221,"timestamp":"2025-09-16T18:43:21.409Z"}
{"level":"info","message":"⌛ Validating pgmProgram.wpgm","timeElapsed":1424,"timestamp":"2025-09-16T18:43:22.837Z"}
{"level":"info","message":"⌛ Building environment","timeElapsed":887,"timestamp":"2025-09-16T18:43:23.730Z"}
{"level":"info","message":"⌛ Building environment","timeElapsed":1166,"timestamp":"2025-09-16T18:43:25.012Z"}
{"level":"info","message":"⌛ Building environment","timeElapsed":1011,"timestamp":"2025-09-16T18:43:26.111Z"}
{"level":"info","message":"⌛ Building environment","timeElapsed":689,"timestamp":"2025-09-16T18:43:26.908Z"}
{"level":"info","message":"⌛ Building environment","timeElapsed":497,"timestamp":"2025-09-16T18:43:27.622Z"}
{"level":"info","message":"⌛ Validating pgmProgram.wpgm","timeElapsed":852,"timestamp":"2025-09-16T18:43:28.551Z"}
{"level":"info","message":"⌛ Building environment","timeElapsed":661,"timestamp":"2025-09-16T18:43:29.223Z"}
{"level":"info","message":"⌛ Building environment","timeElapsed":629,"timestamp":"2025-09-16T18:43:29.893Z"}
{"level":"info","message":"⌛ Validating pgmProgram.wpgm","timeElapsed":1875,"timestamp":"2025-09-16T18:43:31.937Z"}
{"level":"info","message":"⌛ Validating pgmProgram.wpgm","timeElapsed":985,"timestamp":"2025-09-16T18:43:32.926Z"}
{"level":"info","message":"⌛ Validating pgmProgram.wpgm","timeElapsed":856,"timestamp":"2025-09-16T18:43:33.794Z"}
{"level":"info","message":"⌛ Building environment","timeElapsed":613,"timestamp":"2025-09-16T18:43:34.505Z"}
{"level":"info","message":"⌛ Building environment","timeElapsed":1070,"timestamp":"2025-09-16T18:43:35.621Z"}
{"level":"info","message":"⌛ Validating pgmProgram.wpgm","timeElapsed":664,"timestamp":"2025-09-16T18:43:36.357Z"}
{"level":"info","message":"⌛ Building environment","timeElapsed":721,"timestamp":"2025-09-16T18:43:37.324Z"}
{"level":"info","message":"⌛ Building environment","timeElapsed":755,"timestamp":"2025-09-16T18:43:38.107Z"}
{"level":"info","message":"⌛ Validating pgmProgram.wpgm","timeElapsed":557,"timestamp":"2025-09-16T18:43:38.728Z"}
{"level":"info","message":"⌛ Validating pgmProgram.wpgm","timeElapsed":708,"timestamp":"2025-09-16T18:43:39.454Z"}
{"level":"info","message":"⌛ Validating pgmProgram.wpgm","timeElapsed":684,"timestamp":"2025-09-16T18:43:40.139Z"}
{"level":"info","message":"⌛ Building environment","timeElapsed":593,"timestamp":"2025-09-16T18:43:40.806Z"}
{"level":"info","message":"⌛ Building environment","timeElapsed":599,"timestamp":"2025-09-16T18:43:41.578Z"}
{"level":"error","message":"✘ Completions for node Return (undefined - pgmProgram.wpgm) failed: Error: [Return]{ef79ab} at pgmProgram.wpgm:-- exhausted all cases without a match [Return]{ef79ab} at pgmProgram.wpgm:-- exhausted all cases without a match","stack":"Error: [Return]{ef79ab} at pgmProgram.wpgm:-- exhausted all cases without a match\n    at c:\\Users\\Andrea\\.vscode\\extensions\\uqbar.wollok-lsp-ide-0.5.3\\out\\server\\src\\server.js:38:6142\n    at D2 (c:\\Users\\Andrea\\.vscode\\extensions\\uqbar.wollok-lsp-ide-0.5.3\\out\\server\\src\\server.js:2384:42)\n    at Qh (c:\\Users\\Andrea\\.vscode\\extensions\\uqbar.wollok-lsp-ide-0.5.3\\out\\server\\src\\server.js:2384:1092)\n    at k6n (c:\\Users\\Andrea\\.vscode\\extensions\\uqbar.wollok-lsp-ide-0.5.3\\out\\server\\src\\server.js:2384:1248)\n    at c:\\Users\\Andrea\\.vscode\\extensions\\uqbar.wollok-lsp-ide-0.5.3\\out\\server\\src\\server.js:38:6131\n    at D2 (c:\\Users\\Andrea\\.vscode\\extensions\\uqbar.wollok-lsp-ide-0.5.3\\out\\server\\src\\server.js:2384:42)\n    at c:\\Users\\Andrea\\.vscode\\extensions\\uqbar.wollok-lsp-ide-0.5.3\\out\\server\\src\\server.js:2384:2988\n    at c:\\Users\\Andrea\\.vscode\\extensions\\uqbar.wollok-lsp-ide-0.5.3\\out\\server\\src\\server.js:2393:8440\n    at c:\\Users\\Andrea\\.vscode\\extensions\\uqbar.wollok-lsp-ide-0.5.3\\out\\server\\src\\server.js:37:74872\n    at Ye (c:\\Users\\Andrea\\.vscode\\extensions\\uqbar.wollok-lsp-ide-0.5.3\\out\\server\\src\\server.js:7:8527)","timestamp":"2025-09-16T18:43:41.806Z"}
{"level":"info","message":"⌛ Autocomplete - Reference","timeElapsed":178,"timestamp":"2025-09-16T18:43:41.816Z"}
{"level":"info","message":"⌛ Building environment","timeElapsed":668,"timestamp":"2025-09-16T18:43:42.513Z"}
{"level":"info","message":"⌛ Building environment","timeElapsed":748,"timestamp":"2025-09-16T18:43:43.276Z"}
{"level":"info","message":"⌛ Building environment","timeElapsed":1533,"timestamp":"2025-09-16T18:43:44.811Z"}
{"level":"info","message":"⌛ Building environment","timeElapsed":801,"timestamp":"2025-09-16T18:43:45.623Z"}
{"level":"info","message":"⌛ Autocomplete - Body","timeElapsed":118,"timestamp":"2025-09-16T18:43:45.751Z"}
{"level":"info","message":"⌛ Building environment","timeElapsed":721,"timestamp":"2025-09-16T18:43:46.560Z"}
{"level":"info","message":"⌛ Building environment","timeElapsed":598,"timestamp":"2025-09-16T18:43:47.164Z"}
{"level":"info","message":"⌛ Building environment","timeElapsed":554,"timestamp":"2025-09-16T18:43:47.760Z"}
{"level":"info","message":"⌛ Building environment","timeElapsed":654,"timestamp":"2025-09-16T18:43:48.562Z"}
{"level":"info","message":"⌛ Building environment","timeElapsed":911,"timestamp":"2025-09-16T18:43:49.523Z"}
{"errors":{"errors":[null,[null,[null,null,[null,"/*const rivales = [new Rival(numero = 1), new Rival(numero = 2)]\r\n\t\r\n\trivales.forEach { rival => \r\n\t\tgame.addVisual(rival)\r\n\t\tgame.whenCollideDo(rival, { personaje =>\r\n\t\t\tpersonaje.perderVida()\r\n\t\t\tgame.say(pacman, \"Ups! Perdí una vida\")\r\n\t\t\tif (personaje.juegoTerminado()) {\r\n\t\t\t\tgame.say(pacman, \"Se me terminaron las vidas!!!\")\r\n\t\t\t\tgame.onTick(5000, \"gameEnd\", { game.stop() })\r\n\t\t\t}\r\n\t\t})\r\n\t}\r\n\t\r\n\t// que arranque el juego!\r\n\tgame.start()\r\n\t*/"]]]]},"level":"error","message":"✘ Failed to get type description: Error: {\n  \"errors\": [\n    null,\n    [\n      null,\n      [\n        null,\n        null,\n        [\n          null,\n          \"/*const rivales = [new Rival(numero = 1), new Rival(numero = 2)]\\r\\n\\t\\r\\n\\trivales.forEach { rival => \\r\\n\\t\\tgame.addVisual(rival)\\r\\n\\t\\tgame.whenCollideDo(rival, { personaje =>\\r\\n\\t\\t\\tpersonaje.perderVida()\\r\\n\\t\\t\\tgame.say(pacman, \\\"Ups! Perdí una vida\\\")\\r\\n\\t\\t\\tif (personaje.juegoTerminado()) {\\r\\n\\t\\t\\t\\tgame.say(pacman, \\\"Se me terminaron las vidas!!!\\\")\\r\\n\\t\\t\\t\\tgame.onTick(5000, \\\"gameEnd\\\", { game.stop() })\\r\\n\\t\\t\\t}\\r\\n\\t\\t})\\r\\n\\t}\\r\\n\\t\\r\\n\\t// que arranque el juego!\\r\\n\\tgame.start()\\r\\n\\t*/\"\n        ]\n      ]\n    ]\n  ]\n} {\n  \"errors\": [\n    null,\n    [\n      null,\n      [\n        null,\n        null,\n        [\n          null,\n          \"/*const rivales = [new Rival(numero = 1), new Rival(numero = 2)]\\r\\n\\t\\r\\n\\trivales.forEach { rival => \\r\\n\\t\\tgame.addVisual(rival)\\r\\n\\t\\tgame.whenCollideDo(rival, { personaje =>\\r\\n\\t\\t\\tpersonaje.perderVida()\\r\\n\\t\\t\\tgame.say(pacman, \\\"Ups! Perdí una vida\\\")\\r\\n\\t\\t\\tif (personaje.juegoTerminado()) {\\r\\n\\t\\t\\t\\tgame.say(pacman, \\\"Se me terminaron las vidas!!!\\\")\\r\\n\\t\\t\\t\\tgame.onTick(5000, \\\"gameEnd\\\", { game.stop() })\\r\\n\\t\\t\\t}\\r\\n\\t\\t})\\r\\n\\t}\\r\\n\\t\\r\\n\\t// que arranque el juego!\\r\\n\\tgame.start()\\r\\n\\t*/\"\n        ]\n      ]\n    ]\n  ]\n}","stack":"Error: {\n  \"errors\": [\n    null,\n    [\n      null,\n      [\n        null,\n        null,\n        [\n          null,\n          \"/*const rivales = [new Rival(numero = 1), new Rival(numero = 2)]\\r\\n\\t\\r\\n\\trivales.forEach { rival => \\r\\n\\t\\tgame.addVisual(rival)\\r\\n\\t\\tgame.whenCollideDo(rival, { personaje =>\\r\\n\\t\\t\\tpersonaje.perderVida()\\r\\n\\t\\t\\tgame.say(pacman, \\\"Ups! Perdí una vida\\\")\\r\\n\\t\\t\\tif (personaje.juegoTerminado()) {\\r\\n\\t\\t\\t\\tgame.say(pacman, \\\"Se me terminaron las vidas!!!\\\")\\r\\n\\t\\t\\t\\tgame.onTick(5000, \\\"gameEnd\\\", { game.stop() })\\r\\n\\t\\t\\t}\\r\\n\\t\\t})\\r\\n\\t}\\r\\n\\t\\r\\n\\t// que arranque el juego!\\r\\n\\tgame.start()\\r\\n\\t*/\"\n        ]\n      ]\n    ]\n  ]\n}\n    at aS (c:\\Users\\Andrea\\.vscode\\extensions\\uqbar.wollok-lsp-ide-0.5.3\\out\\server\\src\\server.js:64:34609)\n    at K1 (c:\\Users\\Andrea\\.vscode\\extensions\\uqbar.wollok-lsp-ide-0.5.3\\out\\server\\src\\server.js:64:34682)\n    at c:\\Users\\Andrea\\.vscode\\extensions\\uqbar.wollok-lsp-ide-0.5.3\\out\\server\\src\\server.js:64:37949\n    at o.g1 (c:\\Users\\Andrea\\.vscode\\extensions\\uqbar.wollok-lsp-ide-0.5.3\\out\\server\\src\\server.js:57:58803)\n    at i4 (c:\\Users\\Andrea\\.vscode\\extensions\\uqbar.wollok-lsp-ide-0.5.3\\out\\server\\src\\server.js:64:37918)\n    at i4 (c:\\Users\\Andrea\\.vscode\\extensions\\uqbar.wollok-lsp-ide-0.5.3\\out\\server\\src\\server.js:57:56832)\n    at zbn (c:\\Users\\Andrea\\.vscode\\extensions\\uqbar.wollok-lsp-ide-0.5.3\\out\\server\\src\\server.js:68:2842)\n    at c:\\Users\\Andrea\\.vscode\\extensions\\uqbar.wollok-lsp-ide-0.5.3\\out\\server\\src\\server.js:68:2432\n    at c:\\Users\\Andrea\\.vscode\\extensions\\uqbar.wollok-lsp-ide-0.5.3\\out\\server\\src\\server.js:68:5443\n    at c:\\Users\\Andrea\\.vscode\\extensions\\uqbar.wollok-lsp-ide-0.5.3\\out\\server\\src\\server.js:38:6131","timestamp":"2025-09-16T18:43:50.005Z"}
{"level":"info","message":"⌛ Building environment","timeElapsed":522,"timestamp":"2025-09-16T18:43:51.511Z"}
{"level":"info","message":"⌛ Building environment","timeElapsed":760,"timestamp":"2025-09-16T18:43:52.304Z"}
{"level":"info","message":"⌛ Building environment","timeElapsed":815,"timestamp":"2025-09-16T18:43:53.125Z"}
{"level":"info","message":"⌛ Building environment","timeElapsed":761,"timestamp":"2025-09-16T18:43:53.957Z"}
{"level":"info","message":"⌛ Building environment","timeElapsed":813,"timestamp":"2025-09-16T18:43:54.854Z"}
{"level":"info","message":"⌛ Building environment","timeElapsed":853,"timestamp":"2025-09-16T18:43:55.710Z"}
{"level":"info","message":"⌛ Building environment","timeElapsed":695,"timestamp":"2025-09-16T18:43:56.407Z"}
{"level":"info","message":"⌛ Building environment","timeElapsed":967,"timestamp":"2025-09-16T18:43:57.379Z"}
{"level":"info","message":"⌛ Validating pgmProgram.wpgm","timeElapsed":827,"timestamp":"2025-09-16T18:43:58.460Z"}
{"level":"info","message":"⌛ Validating pgmProgram.wpgm","timeElapsed":489,"timestamp":"2025-09-16T18:43:59.210Z"}
{"level":"info","message":"⌛ Validating pgmProgram.wpgm","timeElapsed":723,"timestamp":"2025-09-16T18:44:00.221Z"}
{"level":"info","message":"⌛ Validating pgmProgram.wpgm","timeElapsed":493,"timestamp":"2025-09-16T18:44:00.969Z"}
{"level":"info","message":"⌛ Validating pgmProgram.wpgm","timeElapsed":688,"timestamp":"2025-09-16T18:44:01.778Z"}
{"level":"info","message":"⌛ Validating pgmProgram.wpgm","timeElapsed":517,"timestamp":"2025-09-16T18:44:02.558Z"}
{"level":"info","message":"⌛ Validating pgmProgram.wpgm","timeElapsed":531,"timestamp":"2025-09-16T18:44:03.093Z"}
{"level":"info","message":"⌛ Validating pgmProgram.wpgm","timeElapsed":556,"timestamp":"2025-09-16T18:44:03.652Z"}
{"level":"info","message":"⌛ Validating pgmProgram.wpgm","timeElapsed":800,"timestamp":"2025-09-16T18:44:04.476Z"}
{"level":"info","message":"⌛ Validating pgmProgram.wpgm","timeElapsed":855,"timestamp":"2025-09-16T18:44:05.339Z"}
{"level":"info","message":"⌛ Validating pgmProgram.wpgm","timeElapsed":590,"timestamp":"2025-09-16T18:44:05.931Z"}
{"level":"info","message":"⌛ Validating pgmProgram.wpgm","timeElapsed":3904,"timestamp":"2025-09-16T18:44:10.292Z"}
{"level":"info","message":"⌛ Validating pgmProgram.wpgm","timeElapsed":542,"timestamp":"2025-09-16T18:44:10.889Z"}
{"level":"info","message":"⌛ Validating pgmProgram.wpgm","timeElapsed":729,"timestamp":"2025-09-16T18:44:11.991Z"}
{"level":"info","message":"⌛ Validating pgmProgram.wpgm","timeElapsed":708,"timestamp":"2025-09-16T18:44:12.712Z"}
{"level":"info","message":"⌛ Validating pgmProgram.wpgm","timeElapsed":602,"timestamp":"2025-09-16T18:44:13.322Z"}
{"level":"info","message":"⌛ Validating pgmProgram.wpgm","timeElapsed":860,"timestamp":"2025-09-16T18:44:14.291Z"}
{"level":"info","message":"⌛ Validating pgmProgram.wpgm","timeElapsed":877,"timestamp":"2025-09-16T18:44:15.175Z"}
{"level":"info","message":"⌛ Validating pgmProgram.wpgm","timeElapsed":510,"timestamp":"2025-09-16T18:44:15.687Z"}
{"level":"info","message":"⌛ Validating pgmProgram.wpgm","timeElapsed":738,"timestamp":"2025-09-16T18:44:16.445Z"}
{"level":"info","message":"⌛ Validating pgmProgram.wpgm","timeElapsed":4150,"timestamp":"2025-09-16T18:44:21.445Z"}
{"level":"info","message":"⌛ Validating pgmProgram.wpgm","timeElapsed":751,"timestamp":"2025-09-16T18:44:22.200Z"}
{"level":"info","message":"⌛ Validating pgmProgram.wpgm","timeElapsed":524,"timestamp":"2025-09-16T18:44:22.772Z"}
{"level":"info","message":"⌛ Validating pgmProgram.wpgm","timeElapsed":566,"timestamp":"2025-09-16T18:44:23.347Z"}
{"level":"info","message":"⌛ Validating pgmProgram.wpgm","timeElapsed":495,"timestamp":"2025-09-16T18:44:23.894Z"}
{"level":"info","message":"⌛ Validating pgmProgram.wpgm","timeElapsed":477,"timestamp":"2025-09-16T18:44:24.435Z"}
{"level":"info","message":"⌛ Validating pgmProgram.wpgm","timeElapsed":479,"timestamp":"2025-09-16T18:44:24.918Z"}
{"level":"info","message":"⌛ Validating pgmProgram.wpgm","timeElapsed":561,"timestamp":"2025-09-16T18:44:25.591Z"}
{"level":"info","message":"⌛ Validating pgmProgram.wpgm","timeElapsed":541,"timestamp":"2025-09-16T18:44:26.389Z"}
{"level":"info","message":"⌛ Validating pgmProgram.wpgm","timeElapsed":2544,"timestamp":"2025-09-16T18:44:29.138Z"}
{"level":"info","message":"⌛ Validating pgmProgram.wpgm","timeElapsed":971,"timestamp":"2025-09-16T18:44:30.146Z"}
{"level":"info","message":"⌛ Validating pgmProgram.wpgm","timeElapsed":1093,"timestamp":"2025-09-16T18:44:31.453Z"}
{"level":"info","message":"⌛ Validating pgmProgram.wpgm","timeElapsed":899,"timestamp":"2025-09-16T18:44:32.356Z"}
{"level":"info","message":"⌛ Validating pgmProgram.wpgm","timeElapsed":484,"timestamp":"2025-09-16T18:44:32.846Z"}
{"level":"info","message":"⌛ Validating pgmProgram.wpgm","timeElapsed":477,"timestamp":"2025-09-16T18:44:33.324Z"}
{"level":"info","message":"⌛ Validating pgmProgram.wpgm","timeElapsed":471,"timestamp":"2025-09-16T18:44:33.796Z"}
{"level":"info","message":"⌛ Validating pgmProgram.wpgm","timeElapsed":490,"timestamp":"2025-09-16T18:44:34.288Z"}
{"level":"info","message":"⌛ Validating pgmProgram.wpgm","timeElapsed":454,"timestamp":"2025-09-16T18:44:34.755Z"}
{"level":"info","message":"⌛ Validating pgmProgram.wpgm","timeElapsed":481,"timestamp":"2025-09-16T18:44:35.241Z"}
{"level":"info","message":"⌛ Validating pgmProgram.wpgm","timeElapsed":460,"timestamp":"2025-09-16T18:44:35.721Z"}
{"level":"info","message":"⌛ Validating pgmProgram.wpgm","timeElapsed":449,"timestamp":"2025-09-16T18:44:36.174Z"}
{"level":"info","message":"⌛ Validating pgmProgram.wpgm","timeElapsed":478,"timestamp":"2025-09-16T18:44:36.653Z"}
{"level":"info","message":"⌛ Validating pgmProgram.wpgm","timeElapsed":467,"timestamp":"2025-09-16T18:44:37.125Z"}
{"level":"info","message":"⌛ Validating pgmProgram.wpgm","timeElapsed":471,"timestamp":"2025-09-16T18:44:37.597Z"}
{"level":"info","message":"⌛ Validating pgmProgram.wpgm","timeElapsed":456,"timestamp":"2025-09-16T18:44:38.058Z"}
{"level":"info","message":"⌛ Validating pgmProgram.wpgm","timeElapsed":479,"timestamp":"2025-09-16T18:44:38.538Z"}
{"level":"info","message":"⌛ Validating pgmProgram.wpgm","timeElapsed":2175,"timestamp":"2025-09-16T18:44:40.775Z"}
{"level":"info","message":"⌛ Validating pgmProgram.wpgm","timeElapsed":730,"timestamp":"2025-09-16T18:44:41.508Z"}
{"level":"info","message":"⌛ Validating pgmProgram.wpgm","timeElapsed":1823,"timestamp":"2025-09-16T18:44:43.337Z"}
{"level":"info","message":"⌛ Validating pgmProgram.wpgm","timeElapsed":1152,"timestamp":"2025-09-16T18:44:44.491Z"}
{"level":"info","message":"⌛ Validating pgmProgram.wpgm","timeElapsed":1289,"timestamp":"2025-09-16T18:44:45.815Z"}
{"level":"info","message":"⌛ Validating pgmProgram.wpgm","timeElapsed":931,"timestamp":"2025-09-16T18:44:46.747Z"}
{"level":"info","message":"⌛ Validating pgmProgram.wpgm","timeElapsed":680,"timestamp":"2025-09-16T18:44:47.437Z"}
{"level":"info","message":"⌛ Validating pgmProgram.wpgm","timeElapsed":499,"timestamp":"2025-09-16T18:44:47.958Z"}
{"level":"info","message":"⌛ Validating pgmProgram.wpgm","timeElapsed":502,"timestamp":"2025-09-16T18:44:48.480Z"}
{"level":"info","message":"⌛ Validating pgmProgram.wpgm","timeElapsed":1408,"timestamp":"2025-09-16T18:44:50.120Z"}
{"level":"info","message":"⌛ Validating pgmProgram.wpgm","timeElapsed":514,"timestamp":"2025-09-16T18:44:50.682Z"}
{"level":"info","message":"⌛ Validating pgmProgram.wpgm","timeElapsed":513,"timestamp":"2025-09-16T18:44:51.196Z"}
{"level":"info","message":"⌛ Validating pgmProgram.wpgm","timeElapsed":653,"timestamp":"2025-09-16T18:44:51.866Z"}
{"level":"info","message":"⌛ Validating pgmProgram.wpgm","timeElapsed":607,"timestamp":"2025-09-16T18:44:52.481Z"}
{"level":"info","message":"⌛ Validating pgmProgram.wpgm","timeElapsed":580,"timestamp":"2025-09-16T18:44:53.096Z"}
{"level":"info","message":"⌛ Validating pgmProgram.wpgm","timeElapsed":754,"timestamp":"2025-09-16T18:44:53.854Z"}
{"level":"info","message":"⌛ Validating pgmProgram.wpgm","timeElapsed":494,"timestamp":"2025-09-16T18:44:54.498Z"}
{"errors":{"errors":[null,[null,[null,null,[null,"/*const rivales = [new Rival(numero = 1), new Rival(numero = 2)]\r\n\t\r\n\trivales.forEach { rival => \r\n\t\tgame.addVisual(rival)\r\n\t\tgame.whenCollideDo(rival, { personaje =>\r\n\t\t\tpersonaje.perderVida()\r\n\t\t\tgame.say(pacman, \"Ups! Perdí una vida\")\r\n\t\t\tif (personaje.juegoTerminado()) {\r\n\t\t\t\tgame.say(pacman, \"Se me terminaron las vidas!!!\")\r\n\t\t\t\tgame.onTick(5000, \"gameEnd\", { game.stop() })\r\n\t\t\t}\r\n\t\t})\r\n\t}\r\n\t\r\n\t// que arranque el juego!\r\n\tgame.start()\r\n\t*/"]]]]},"level":"error","message":"✘ Failed to get type description: Error: {\n  \"errors\": [\n    null,\n    [\n      null,\n      [\n        null,\n        null,\n        [\n          null,\n          \"/*const rivales = [new Rival(numero = 1), new Rival(numero = 2)]\\r\\n\\t\\r\\n\\trivales.forEach { rival => \\r\\n\\t\\tgame.addVisual(rival)\\r\\n\\t\\tgame.whenCollideDo(rival, { personaje =>\\r\\n\\t\\t\\tpersonaje.perderVida()\\r\\n\\t\\t\\tgame.say(pacman, \\\"Ups! Perdí una vida\\\")\\r\\n\\t\\t\\tif (personaje.juegoTerminado()) {\\r\\n\\t\\t\\t\\tgame.say(pacman, \\\"Se me terminaron las vidas!!!\\\")\\r\\n\\t\\t\\t\\tgame.onTick(5000, \\\"gameEnd\\\", { game.stop() })\\r\\n\\t\\t\\t}\\r\\n\\t\\t})\\r\\n\\t}\\r\\n\\t\\r\\n\\t// que arranque el juego!\\r\\n\\tgame.start()\\r\\n\\t*/\"\n        ]\n      ]\n    ]\n  ]\n} {\n  \"errors\": [\n    null,\n    [\n      null,\n      [\n        null,\n        null,\n        [\n          null,\n          \"/*const rivales = [new Rival(numero = 1), new Rival(numero = 2)]\\r\\n\\t\\r\\n\\trivales.forEach { rival => \\r\\n\\t\\tgame.addVisual(rival)\\r\\n\\t\\tgame.whenCollideDo(rival, { personaje =>\\r\\n\\t\\t\\tpersonaje.perderVida()\\r\\n\\t\\t\\tgame.say(pacman, \\\"Ups! Perdí una vida\\\")\\r\\n\\t\\t\\tif (personaje.juegoTerminado()) {\\r\\n\\t\\t\\t\\tgame.say(pacman, \\\"Se me terminaron las vidas!!!\\\")\\r\\n\\t\\t\\t\\tgame.onTick(5000, \\\"gameEnd\\\", { game.stop() })\\r\\n\\t\\t\\t}\\r\\n\\t\\t})\\r\\n\\t}\\r\\n\\t\\r\\n\\t// que arranque el juego!\\r\\n\\tgame.start()\\r\\n\\t*/\"\n        ]\n      ]\n    ]\n  ]\n}","stack":"Error: {\n  \"errors\": [\n    null,\n    [\n      null,\n      [\n        null,\n        null,\n        [\n          null,\n          \"/*const rivales = [new Rival(numero = 1), new Rival(numero = 2)]\\r\\n\\t\\r\\n\\trivales.forEach { rival => \\r\\n\\t\\tgame.addVisual(rival)\\r\\n\\t\\tgame.whenCollideDo(rival, { personaje =>\\r\\n\\t\\t\\tpersonaje.perderVida()\\r\\n\\t\\t\\tgame.say(pacman, \\\"Ups! Perdí una vida\\\")\\r\\n\\t\\t\\tif (personaje.juegoTerminado()) {\\r\\n\\t\\t\\t\\tgame.say(pacman, \\\"Se me terminaron las vidas!!!\\\")\\r\\n\\t\\t\\t\\tgame.onTick(5000, \\\"gameEnd\\\", { game.stop() })\\r\\n\\t\\t\\t}\\r\\n\\t\\t})\\r\\n\\t}\\r\\n\\t\\r\\n\\t// que arranque el juego!\\r\\n\\tgame.start()\\r\\n\\t*/\"\n        ]\n      ]\n    ]\n  ]\n}\n    at aS (c:\\Users\\Andrea\\.vscode\\extensions\\uqbar.wollok-lsp-ide-0.5.3\\out\\server\\src\\server.js:64:34609)\n    at K1 (c:\\Users\\Andrea\\.vscode\\extensions\\uqbar.wollok-lsp-ide-0.5.3\\out\\server\\src\\server.js:64:34682)\n    at c:\\Users\\Andrea\\.vscode\\extensions\\uqbar.wollok-lsp-ide-0.5.3\\out\\server\\src\\server.js:64:37949\n    at o.g1 (c:\\Users\\Andrea\\.vscode\\extensions\\uqbar.wollok-lsp-ide-0.5.3\\out\\server\\src\\server.js:57:58803)\n    at i4 (c:\\Users\\Andrea\\.vscode\\extensions\\uqbar.wollok-lsp-ide-0.5.3\\out\\server\\src\\server.js:64:37918)\n    at i4 (c:\\Users\\Andrea\\.vscode\\extensions\\uqbar.wollok-lsp-ide-0.5.3\\out\\server\\src\\server.js:57:56832)\n    at zbn (c:\\Users\\Andrea\\.vscode\\extensions\\uqbar.wollok-lsp-ide-0.5.3\\out\\server\\src\\server.js:68:2842)\n    at c:\\Users\\Andrea\\.vscode\\extensions\\uqbar.wollok-lsp-ide-0.5.3\\out\\server\\src\\server.js:68:2432\n    at c:\\Users\\Andrea\\.vscode\\extensions\\uqbar.wollok-lsp-ide-0.5.3\\out\\server\\src\\server.js:68:5443\n    at c:\\Users\\Andrea\\.vscode\\extensions\\uqbar.wollok-lsp-ide-0.5.3\\out\\server\\src\\server.js:38:6131","timestamp":"2025-09-16T18:44:54.664Z"}
{"level":"info","message":"⌛ Validating pgmProgram.wpgm","timeElapsed":594,"timestamp":"2025-09-16T18:44:55.263Z"}
{"errors":{"errors":[null,[null,[null,null,[null,"/*const rivales = [new Rival(numero = 1), new Rival(numero = 2)]\r\n\t\r\n\trivales.forEach { rival => \r\n\t\tgame.addVisual(rival)\r\n\t\tgame.whenCollideDo(rival, { personaje =>\r\n\t\t\tpersonaje.perderVida()\r\n\t\t\tgame.say(pacman, \"Ups! Perdí una vida\")\r\n\t\t\tif (personaje.juegoTerminado()) {\r\n\t\t\t\tgame.say(pacman, \"Se me terminaron las vidas!!!\")\r\n\t\t\t\tgame.onTick(5000, \"gameEnd\", { game.stop() })\r\n\t\t\t}\r\n\t\t})\r\n\t}\r\n\t\r\n\t// que arranque el juego!\r\n\tgame.start()\r\n\t*/"]]]]},"level":"error","message":"✘ Failed to get type description: Error: {\n  \"errors\": [\n    null,\n    [\n      null,\n      [\n        null,\n        null,\n        [\n          null,\n          \"/*const rivales = [new Rival(numero = 1), new Rival(numero = 2)]\\r\\n\\t\\r\\n\\trivales.forEach { rival => \\r\\n\\t\\tgame.addVisual(rival)\\r\\n\\t\\tgame.whenCollideDo(rival, { personaje =>\\r\\n\\t\\t\\tpersonaje.perderVida()\\r\\n\\t\\t\\tgame.say(pacman, \\\"Ups! Perdí una vida\\\")\\r\\n\\t\\t\\tif (personaje.juegoTerminado()) {\\r\\n\\t\\t\\t\\tgame.say(pacman, \\\"Se me terminaron las vidas!!!\\\")\\r\\n\\t\\t\\t\\tgame.onTick(5000, \\\"gameEnd\\\", { game.stop() })\\r\\n\\t\\t\\t}\\r\\n\\t\\t})\\r\\n\\t}\\r\\n\\t\\r\\n\\t// que arranque el juego!\\r\\n\\tgame.start()\\r\\n\\t*/\"\n        ]\n      ]\n    ]\n  ]\n} {\n  \"errors\": [\n    null,\n    [\n      null,\n      [\n        null,\n        null,\n        [\n          null,\n          \"/*const rivales = [new Rival(numero = 1), new Rival(numero = 2)]\\r\\n\\t\\r\\n\\trivales.forEach { rival => \\r\\n\\t\\tgame.addVisual(rival)\\r\\n\\t\\tgame.whenCollideDo(rival, { personaje =>\\r\\n\\t\\t\\tpersonaje.perderVida()\\r\\n\\t\\t\\tgame.say(pacman, \\\"Ups! Perdí una vida\\\")\\r\\n\\t\\t\\tif (personaje.juegoTerminado()) {\\r\\n\\t\\t\\t\\tgame.say(pacman, \\\"Se me terminaron las vidas!!!\\\")\\r\\n\\t\\t\\t\\tgame.onTick(5000, \\\"gameEnd\\\", { game.stop() })\\r\\n\\t\\t\\t}\\r\\n\\t\\t})\\r\\n\\t}\\r\\n\\t\\r\\n\\t// que arranque el juego!\\r\\n\\tgame.start()\\r\\n\\t*/\"\n        ]\n      ]\n    ]\n  ]\n}","stack":"Error: {\n  \"errors\": [\n    null,\n    [\n      null,\n      [\n        null,\n        null,\n        [\n          null,\n          \"/*const rivales = [new Rival(numero = 1), new Rival(numero = 2)]\\r\\n\\t\\r\\n\\trivales.forEach { rival => \\r\\n\\t\\tgame.addVisual(rival)\\r\\n\\t\\tgame.whenCollideDo(rival, { personaje =>\\r\\n\\t\\t\\tpersonaje.perderVida()\\r\\n\\t\\t\\tgame.say(pacman, \\\"Ups! Perdí una vida\\\")\\r\\n\\t\\t\\tif (personaje.juegoTerminado()) {\\r\\n\\t\\t\\t\\tgame.say(pacman, \\\"Se me terminaron las vidas!!!\\\")\\r\\n\\t\\t\\t\\tgame.onTick(5000, \\\"gameEnd\\\", { game.stop() })\\r\\n\\t\\t\\t}\\r\\n\\t\\t})\\r\\n\\t}\\r\\n\\t\\r\\n\\t// que arranque el juego!\\r\\n\\tgame.start()\\r\\n\\t*/\"\n        ]\n      ]\n    ]\n  ]\n}\n    at aS (c:\\Users\\Andrea\\.vscode\\extensions\\uqbar.wollok-lsp-ide-0.5.3\\out\\server\\src\\server.js:64:34609)\n    at K1 (c:\\Users\\Andrea\\.vscode\\extensions\\uqbar.wollok-lsp-ide-0.5.3\\out\\server\\src\\server.js:64:34682)\n    at c:\\Users\\Andrea\\.vscode\\extensions\\uqbar.wollok-lsp-ide-0.5.3\\out\\server\\src\\server.js:64:37949\n    at o.g1 (c:\\Users\\Andrea\\.vscode\\extensions\\uqbar.wollok-lsp-ide-0.5.3\\out\\server\\src\\server.js:57:58803)\n    at i4 (c:\\Users\\Andrea\\.vscode\\extensions\\uqbar.wollok-lsp-ide-0.5.3\\out\\server\\src\\server.js:64:37918)\n    at i4 (c:\\Users\\Andrea\\.vscode\\extensions\\uqbar.wollok-lsp-ide-0.5.3\\out\\server\\src\\server.js:57:56832)\n    at zbn (c:\\Users\\Andrea\\.vscode\\extensions\\uqbar.wollok-lsp-ide-0.5.3\\out\\server\\src\\server.js:68:2842)\n    at c:\\Users\\Andrea\\.vscode\\extensions\\uqbar.wollok-lsp-ide-0.5.3\\out\\server\\src\\server.js:68:2432\n    at c:\\Users\\Andrea\\.vscode\\extensions\\uqbar.wollok-lsp-ide-0.5.3\\out\\server\\src\\server.js:68:5443\n    at c:\\Users\\Andrea\\.vscode\\extensions\\uqbar.wollok-lsp-ide-0.5.3\\out\\server\\src\\server.js:38:6131","timestamp":"2025-09-16T18:44:55.588Z"}
{"level":"info","message":"⌛ Validating pgmProgram.wpgm","timeElapsed":591,"timestamp":"2025-09-16T18:44:56.195Z"}
{"errors":{"errors":[null,[null,[null,null,[null,"/*const rivales = [new Rival(numero = 1), new Rival(numero = 2)]\r\n\t\r\n\trivales.forEach { rival => \r\n\t\tgame.addVisual(rival)\r\n\t\tgame.whenCollideDo(rival, { personaje =>\r\n\t\t\tpersonaje.perderVida()\r\n\t\t\tgame.say(pacman, \"Ups! Perdí una vida\")\r\n\t\t\tif (personaje.juegoTerminado()) {\r\n\t\t\t\tgame.say(pacman, \"Se me terminaron las vidas!!!\")\r\n\t\t\t\tgame.onTick(5000, \"gameEnd\", { game.stop() })\r\n\t\t\t}\r\n\t\t})\r\n\t}\r\n\t\r\n\t// que arranque el juego!\r\n\tgame.start()\r\n\t*/"]]]]},"level":"error","message":"✘ Failed to get type description: Error: {\n  \"errors\": [\n    null,\n    [\n      null,\n      [\n        null,\n        null,\n        [\n          null,\n          \"/*const rivales = [new Rival(numero = 1), new Rival(numero = 2)]\\r\\n\\t\\r\\n\\trivales.forEach { rival => \\r\\n\\t\\tgame.addVisual(rival)\\r\\n\\t\\tgame.whenCollideDo(rival, { personaje =>\\r\\n\\t\\t\\tpersonaje.perderVida()\\r\\n\\t\\t\\tgame.say(pacman, \\\"Ups! Perdí una vida\\\")\\r\\n\\t\\t\\tif (personaje.juegoTerminado()) {\\r\\n\\t\\t\\t\\tgame.say(pacman, \\\"Se me terminaron las vidas!!!\\\")\\r\\n\\t\\t\\t\\tgame.onTick(5000, \\\"gameEnd\\\", { game.stop() })\\r\\n\\t\\t\\t}\\r\\n\\t\\t})\\r\\n\\t}\\r\\n\\t\\r\\n\\t// que arranque el juego!\\r\\n\\tgame.start()\\r\\n\\t*/\"\n        ]\n      ]\n    ]\n  ]\n} {\n  \"errors\": [\n    null,\n    [\n      null,\n      [\n        null,\n        null,\n        [\n          null,\n          \"/*const rivales = [new Rival(numero = 1), new Rival(numero = 2)]\\r\\n\\t\\r\\n\\trivales.forEach { rival => \\r\\n\\t\\tgame.addVisual(rival)\\r\\n\\t\\tgame.whenCollideDo(rival, { personaje =>\\r\\n\\t\\t\\tpersonaje.perderVida()\\r\\n\\t\\t\\tgame.say(pacman, \\\"Ups! Perdí una vida\\\")\\r\\n\\t\\t\\tif (personaje.juegoTerminado()) {\\r\\n\\t\\t\\t\\tgame.say(pacman, \\\"Se me terminaron las vidas!!!\\\")\\r\\n\\t\\t\\t\\tgame.onTick(5000, \\\"gameEnd\\\", { game.stop() })\\r\\n\\t\\t\\t}\\r\\n\\t\\t})\\r\\n\\t}\\r\\n\\t\\r\\n\\t// que arranque el juego!\\r\\n\\tgame.start()\\r\\n\\t*/\"\n        ]\n      ]\n    ]\n  ]\n}","stack":"Error: {\n  \"errors\": [\n    null,\n    [\n      null,\n      [\n        null,\n        null,\n        [\n          null,\n          \"/*const rivales = [new Rival(numero = 1), new Rival(numero = 2)]\\r\\n\\t\\r\\n\\trivales.forEach { rival => \\r\\n\\t\\tgame.addVisual(rival)\\r\\n\\t\\tgame.whenCollideDo(rival, { personaje =>\\r\\n\\t\\t\\tpersonaje.perderVida()\\r\\n\\t\\t\\tgame.say(pacman, \\\"Ups! Perdí una vida\\\")\\r\\n\\t\\t\\tif (personaje.juegoTerminado()) {\\r\\n\\t\\t\\t\\tgame.say(pacman, \\\"Se me terminaron las vidas!!!\\\")\\r\\n\\t\\t\\t\\tgame.onTick(5000, \\\"gameEnd\\\", { game.stop() })\\r\\n\\t\\t\\t}\\r\\n\\t\\t})\\r\\n\\t}\\r\\n\\t\\r\\n\\t// que arranque el juego!\\r\\n\\tgame.start()\\r\\n\\t*/\"\n        ]\n      ]\n    ]\n  ]\n}\n    at aS (c:\\Users\\Andrea\\.vscode\\extensions\\uqbar.wollok-lsp-ide-0.5.3\\out\\server\\src\\server.js:64:34609)\n    at K1 (c:\\Users\\Andrea\\.vscode\\extensions\\uqbar.wollok-lsp-ide-0.5.3\\out\\server\\src\\server.js:64:34682)\n    at c:\\Users\\Andrea\\.vscode\\extensions\\uqbar.wollok-lsp-ide-0.5.3\\out\\server\\src\\server.js:64:37949\n    at o.g1 (c:\\Users\\Andrea\\.vscode\\extensions\\uqbar.wollok-lsp-ide-0.5.3\\out\\server\\src\\server.js:57:58803)\n    at i4 (c:\\Users\\Andrea\\.vscode\\extensions\\uqbar.wollok-lsp-ide-0.5.3\\out\\server\\src\\server.js:64:37918)\n    at i4 (c:\\Users\\Andrea\\.vscode\\extensions\\uqbar.wollok-lsp-ide-0.5.3\\out\\server\\src\\server.js:57:56832)\n    at zbn (c:\\Users\\Andrea\\.vscode\\extensions\\uqbar.wollok-lsp-ide-0.5.3\\out\\server\\src\\server.js:68:2842)\n    at c:\\Users\\Andrea\\.vscode\\extensions\\uqbar.wollok-lsp-ide-0.5.3\\out\\server\\src\\server.js:68:2432\n    at c:\\Users\\Andrea\\.vscode\\extensions\\uqbar.wollok-lsp-ide-0.5.3\\out\\server\\src\\server.js:68:5443\n    at c:\\Users\\Andrea\\.vscode\\extensions\\uqbar.wollok-lsp-ide-0.5.3\\out\\server\\src\\server.js:38:6131","timestamp":"2025-09-16T18:44:56.354Z"}
{"level":"info","message":"⌛ Validating pgmProgram.wpgm","timeElapsed":588,"timestamp":"2025-09-16T18:44:56.958Z"}
{"level":"info","message":"⌛ Validating pgmProgram.wpgm","timeElapsed":518,"timestamp":"2025-09-16T18:44:57.526Z"}
{"level":"info","message":"⌛ Building environment","timeElapsed":4231,"timestamp":"2025-09-16T18:45:01.764Z"}
{"level":"info","message":"⌛ Validating pgmProgram.wpgm","timeElapsed":929,"timestamp":"2025-09-16T18:45:02.811Z"}
{"level":"info","message":"⌛ Building environment","timeElapsed":734,"timestamp":"2025-09-16T18:45:03.561Z"}
{"level":"info","message":"⌛ Validating pgmProgram.wpgm","timeElapsed":602,"timestamp":"2025-09-16T18:45:04.198Z"}
{"level":"info","message":"⌛ Building environment","timeElapsed":673,"timestamp":"2025-09-16T18:45:04.879Z"}
{"level":"info","message":"⌛ Validating pgmProgram.wpgm","timeElapsed":510,"timestamp":"2025-09-16T18:45:05.437Z"}
{"level":"info","message":"⌛ Validating pgmProgram.wpgm","timeElapsed":539,"timestamp":"2025-09-16T18:45:05.978Z"}
{"level":"info","message":"⌛ Building environment","timeElapsed":527,"timestamp":"2025-09-16T18:45:06.558Z"}
{"level":"info","message":"⌛ Building environment","timeElapsed":603,"timestamp":"2025-09-16T18:45:07.278Z"}
{"level":"info","message":"⌛ Building environment","timeElapsed":460,"timestamp":"2025-09-16T18:45:07.775Z"}
{"level":"info","message":"⌛ Validating pgmProgram.wpgm","timeElapsed":495,"timestamp":"2025-09-16T18:45:08.366Z"}
{"level":"info","message":"⌛ Building environment","timeElapsed":2589,"timestamp":"2025-09-16T18:45:11.282Z"}
{"level":"info","message":"⌛ Building environment","timeElapsed":633,"timestamp":"2025-09-16T18:45:11.949Z"}
{"level":"info","message":"⌛ Validating pgmProgram.wpgm","timeElapsed":663,"timestamp":"2025-09-16T18:45:12.614Z"}
{"level":"info","message":"⌛ Building environment","timeElapsed":438,"timestamp":"2025-09-16T18:45:13.098Z"}
{"level":"info","message":"⌛ Building environment","timeElapsed":594,"timestamp":"2025-09-16T18:45:13.809Z"}
{"level":"info","message":"⌛ Building environment","timeElapsed":527,"timestamp":"2025-09-16T18:45:14.374Z"}
{"level":"info","message":"⌛ Building environment","timeElapsed":532,"timestamp":"2025-09-16T18:45:14.948Z"}
{"level":"info","message":"⌛ Building environment","timeElapsed":1191,"timestamp":"2025-09-16T18:45:16.149Z"}
{"level":"info","message":"⌛ Building environment","timeElapsed":505,"timestamp":"2025-09-16T18:45:16.762Z"}
{"level":"info","message":"⌛ Building environment","timeElapsed":497,"timestamp":"2025-09-16T18:45:17.266Z"}
{"level":"info","message":"⌛ Building environment","timeElapsed":441,"timestamp":"2025-09-16T18:45:17.780Z"}
{"level":"info","message":"⌛ Building environment","timeElapsed":453,"timestamp":"2025-09-16T18:45:18.330Z"}
{"level":"info","message":"⌛ Building environment","timeElapsed":641,"timestamp":"2025-09-16T18:45:19.046Z"}
{"level":"info","message":"⌛ Building environment","timeElapsed":616,"timestamp":"2025-09-16T18:45:19.757Z"}
{"level":"info","message":"⌛ Building environment","timeElapsed":763,"timestamp":"2025-09-16T18:45:20.612Z"}
{"level":"info","message":"⌛ Building environment","timeElapsed":706,"timestamp":"2025-09-16T18:45:21.417Z"}
{"level":"info","message":"⌛ Building environment","timeElapsed":731,"timestamp":"2025-09-16T18:45:22.297Z"}
{"level":"info","message":"⌛ Building environment","timeElapsed":621,"timestamp":"2025-09-16T18:45:22.996Z"}
