{"level":"info","message":"⌛ Building environment","timeElapsed":131,"timestamp":"2024-05-23T01:11:41.516Z"}
{"level":"info","message":"onRequest - WORKSPACE_URI:file:///home/dodain/workspace/wollok-dev/wollok-workspace/migracion-proyectos/pacmanBasicGame","timestamp":"2024-05-23T01:11:41.518Z"}
{"level":"info","message":"onRequest - STRONG_FILES_CHANGED:/home/dodain/workspace/wollok-dev/wollok-workspace/migracion-proyectos/pacmanBasicGame/src/example.wlk,/home/dodain/workspace/wollok-dev/wollok-workspace/migracion-proyectos/pacmanBasicGame/src/program.wpgm","timestamp":"2024-05-23T01:11:45.066Z"}
{"level":"info","message":"Removing diagnostics from /home/dodain/workspace/wollok-dev/wollok-workspace/migracion-proyectos/pacmanBasicGame/src/example.wlk","timestamp":"2024-05-23T01:11:45.366Z"}
{"level":"info","message":"Removing diagnostics from /home/dodain/workspace/wollok-dev/wollok-workspace/migracion-proyectos/pacmanBasicGame/src/program.wpgm","timestamp":"2024-05-23T01:11:45.366Z"}
{"level":"info","message":"onRequest - WORKSPACE_URI:file:///home/dodain/workspace/wollok-dev/wollok-workspace/migracion-proyectos/pacmanBasicGame","timestamp":"2024-05-23T01:11:45.369Z"}
{"level":"info","message":"onRequest - STRONG_FILES_CHANGED:/home/dodain/workspace/wollok-dev/wollok-workspace/migracion-proyectos/pacmanBasicGame/src","timestamp":"2024-05-23T01:11:47.697Z"}
{"level":"info","message":"onRequest - WORKSPACE_URI:file:///home/dodain/workspace/wollok-dev/wollok-workspace/migracion-proyectos/pacmanBasicGame","timestamp":"2024-05-23T01:11:47.834Z"}
{"level":"info","message":"Removing diagnostics from /home/dodain/workspace/wollok-dev/wollok-workspace/migracion-proyectos/pacmanBasicGame/src","timestamp":"2024-05-23T01:11:47.952Z"}
{"level":"info","message":"onRequest - STRONG_FILES_CHANGED:/home/dodain/workspace/wollok-dev/wollok-workspace/migracion-proyectos/pacmanBasicGame/workflows","timestamp":"2024-05-23T01:14:12.114Z"}
{"level":"info","message":"onRequest - WORKSPACE_URI:file:///home/dodain/workspace/wollok-dev/wollok-workspace/migracion-proyectos/pacmanBasicGame","timestamp":"2024-05-23T01:14:12.338Z"}
{"level":"info","message":"Removing diagnostics from /home/dodain/workspace/wollok-dev/wollok-workspace/migracion-proyectos/pacmanBasicGame/workflows","timestamp":"2024-05-23T01:14:12.466Z"}
{"level":"info","message":"onRequest - STRONG_FILES_CHANGED:/home/dodain/workspace/wollok-dev/wollok-workspace/migracion-proyectos/pacmanBasicGame/program.wpgm","timestamp":"2024-05-23T01:14:27.808Z"}
{"level":"info","message":"Removing diagnostics from /home/dodain/workspace/wollok-dev/wollok-workspace/migracion-proyectos/pacmanBasicGame/program.wpgm","timestamp":"2024-05-23T01:14:28.186Z"}
{"level":"info","message":"onRequest - WORKSPACE_URI:file:///home/dodain/workspace/wollok-dev/wollok-workspace/migracion-proyectos/pacmanBasicGame","timestamp":"2024-05-23T01:14:28.186Z"}
{"exitCode":0,"level":"info","message":"👾 Game executed program.pacmanGame on /home/dodain/workspace/wollok-dev/wollok-workspace/migracion-proyectos/pacmanBasicGame","timeElapsed":180121,"timestamp":"2024-05-23T01:15:03.399Z"}
{"level":"error","message":"✘ Completions for node failed: Error: [If]{75a07d} at pgmProgram.wpgm:26 exhausted all cases without a match [If]{75a07d} at pgmProgram.wpgm:26 exhausted all cases without a match","stack":"Error: [If]{75a07d} at pgmProgram.wpgm:26 exhausted all cases without a match\n    at /home/dodain/.vscode/extensions/uqbar.wollok-lsp-ide-0.3.1/node_modules/wollok-ts/dist/extensions.js:85:11\n    at completionsForNode (/home/dodain/.vscode/extensions/uqbar.wollok-lsp-ide-0.3.1/server/out/functionalities/autocomplete/node-completion.js:10:44)\n    at completeForParent (/home/dodain/.vscode/extensions/uqbar.wollok-lsp-ide-0.3.1/server/out/functionalities/autocomplete/node-completion.js:50:43)\n    at completeBody (/home/dodain/.vscode/extensions/uqbar.wollok-lsp-ide-0.3.1/server/out/functionalities/autocomplete/node-completion.js:36:62)\n    at /home/dodain/.vscode/extensions/uqbar.wollok-lsp-ide-0.3.1/node_modules/wollok-ts/dist/extensions.js:84:20\n    at completionsForNode (/home/dodain/.vscode/extensions/uqbar.wollok-lsp-ide-0.3.1/server/out/functionalities/autocomplete/node-completion.js:10:44)\n    at completeForParent (/home/dodain/.vscode/extensions/uqbar.wollok-lsp-ide-0.3.1/server/out/functionalities/autocomplete/node-completion.js:50:43)\n    at completeReference (/home/dodain/.vscode/extensions/uqbar.wollok-lsp-ide-0.3.1/server/out/functionalities/autocomplete/node-completion.js:58:135)\n    at /home/dodain/.vscode/extensions/uqbar.wollok-lsp-ide-0.3.1/node_modules/wollok-ts/dist/extensions.js:84:20\n    at completionsForNode (/home/dodain/.vscode/extensions/uqbar.wollok-lsp-ide-0.3.1/server/out/functionalities/autocomplete/node-completion.js:10:44)","timestamp":"2024-05-23T01:15:47.388Z"}
{"level":"info","message":"onRequest - completionItem/resolve","timestamp":"2024-05-23T01:15:47.729Z"}
{"level":"info","message":"onRequest - completionItem/resolve","timestamp":"2024-05-23T01:15:47.868Z"}
{"level":"info","message":"onRequest - completionItem/resolve","timestamp":"2024-05-23T01:15:47.928Z"}
{"level":"info","message":"onRequest - completionItem/resolve","timestamp":"2024-05-23T01:15:48.077Z"}
{"level":"info","message":"onRequest - completionItem/resolve","timestamp":"2024-05-23T01:15:48.130Z"}
{"level":"info","message":"onRequest - completionItem/resolve","timestamp":"2024-05-23T01:15:48.638Z"}
{"level":"info","message":"onRequest - completionItem/resolve","timestamp":"2024-05-23T01:15:48.806Z"}
{"level":"info","message":"onRequest - completionItem/resolve","timestamp":"2024-05-23T01:15:50.083Z"}
{"level":"info","message":"onRequest - completionItem/resolve","timestamp":"2024-05-23T01:15:50.219Z"}
{"level":"info","message":"onRequest - completionItem/resolve","timestamp":"2024-05-23T01:15:50.280Z"}
{"level":"info","message":"onRequest - completionItem/resolve","timestamp":"2024-05-23T01:15:50.487Z"}
{"level":"info","message":"onRequest - completionItem/resolve","timestamp":"2024-05-23T01:15:50.583Z"}
{"level":"error","message":"✘ Completions for node failed: Error: [Send]{c6a794} at pgmProgram.wpgm:27 exhausted all cases without a match [Send]{c6a794} at pgmProgram.wpgm:27 exhausted all cases without a match","stack":"Error: [Send]{c6a794} at pgmProgram.wpgm:27 exhausted all cases without a match\n    at /home/dodain/.vscode/extensions/uqbar.wollok-lsp-ide-0.3.1/node_modules/wollok-ts/dist/extensions.js:85:11\n    at completionsForNode (/home/dodain/.vscode/extensions/uqbar.wollok-lsp-ide-0.3.1/server/out/functionalities/autocomplete/node-completion.js:10:44)\n    at /home/dodain/.vscode/extensions/uqbar.wollok-lsp-ide-0.3.1/server/out/functionalities/autocomplete/autocomplete.js:22:154\n    at /home/dodain/.vscode/extensions/uqbar.wollok-lsp-ide-0.3.1/server/out/server.js:198:20\n    at /home/dodain/.vscode/extensions/uqbar.wollok-lsp-ide-0.3.1/server/node_modules/vscode-languageserver/lib/common/server.js:593:20\n    at handleRequest (/home/dodain/.vscode/extensions/uqbar.wollok-lsp-ide-0.3.1/server/node_modules/vscode-jsonrpc/lib/common/connection.js:493:41)\n    at handleMessage (/home/dodain/.vscode/extensions/uqbar.wollok-lsp-ide-0.3.1/server/node_modules/vscode-jsonrpc/lib/common/connection.js:339:13)\n    at processMessageQueue (/home/dodain/.vscode/extensions/uqbar.wollok-lsp-ide-0.3.1/server/node_modules/vscode-jsonrpc/lib/common/connection.js:362:17)\n    at Immediate._onImmediate (/home/dodain/.vscode/extensions/uqbar.wollok-lsp-ide-0.3.1/server/node_modules/vscode-jsonrpc/lib/common/connection.js:334:13)\n    at process.processImmediate (node:internal/timers:476:21)","timestamp":"2024-05-23T01:16:04.656Z"}
{"level":"error","message":"✘ Completions for node failed: Error: [If]{e82b52} at pgmProgram.wpgm:26 exhausted all cases without a match [If]{e82b52} at pgmProgram.wpgm:26 exhausted all cases without a match","stack":"Error: [If]{e82b52} at pgmProgram.wpgm:26 exhausted all cases without a match\n    at /home/dodain/.vscode/extensions/uqbar.wollok-lsp-ide-0.3.1/node_modules/wollok-ts/dist/extensions.js:85:11\n    at completionsForNode (/home/dodain/.vscode/extensions/uqbar.wollok-lsp-ide-0.3.1/server/out/functionalities/autocomplete/node-completion.js:10:44)\n    at completeForParent (/home/dodain/.vscode/extensions/uqbar.wollok-lsp-ide-0.3.1/server/out/functionalities/autocomplete/node-completion.js:50:43)\n    at completeBody (/home/dodain/.vscode/extensions/uqbar.wollok-lsp-ide-0.3.1/server/out/functionalities/autocomplete/node-completion.js:36:62)\n    at /home/dodain/.vscode/extensions/uqbar.wollok-lsp-ide-0.3.1/node_modules/wollok-ts/dist/extensions.js:84:20\n    at completionsForNode (/home/dodain/.vscode/extensions/uqbar.wollok-lsp-ide-0.3.1/server/out/functionalities/autocomplete/node-completion.js:10:44)\n    at completeForParent (/home/dodain/.vscode/extensions/uqbar.wollok-lsp-ide-0.3.1/server/out/functionalities/autocomplete/node-completion.js:50:43)\n    at completionsForNode (/home/dodain/.vscode/extensions/uqbar.wollok-lsp-ide-0.3.1/server/out/functionalities/autocomplete/node-completion.js:14:46)\n    at /home/dodain/.vscode/extensions/uqbar.wollok-lsp-ide-0.3.1/server/out/functionalities/autocomplete/autocomplete.js:22:154\n    at /home/dodain/.vscode/extensions/uqbar.wollok-lsp-ide-0.3.1/server/out/server.js:198:20","timestamp":"2024-05-23T01:16:04.657Z"}
{"level":"info","message":"onRequest - completionItem/resolve","timestamp":"2024-05-23T01:16:04.733Z"}
{"level":"error","message":"✘ Completions for node failed: Error: [Send]{b79098} at pgmProgram.wpgm:27 exhausted all cases without a match [Send]{b79098} at pgmProgram.wpgm:27 exhausted all cases without a match","stack":"Error: [Send]{b79098} at pgmProgram.wpgm:27 exhausted all cases without a match\n    at /home/dodain/.vscode/extensions/uqbar.wollok-lsp-ide-0.3.1/node_modules/wollok-ts/dist/extensions.js:85:11\n    at completionsForNode (/home/dodain/.vscode/extensions/uqbar.wollok-lsp-ide-0.3.1/server/out/functionalities/autocomplete/node-completion.js:10:44)\n    at /home/dodain/.vscode/extensions/uqbar.wollok-lsp-ide-0.3.1/server/out/functionalities/autocomplete/autocomplete.js:22:154\n    at /home/dodain/.vscode/extensions/uqbar.wollok-lsp-ide-0.3.1/server/out/server.js:198:20\n    at /home/dodain/.vscode/extensions/uqbar.wollok-lsp-ide-0.3.1/server/node_modules/vscode-languageserver/lib/common/server.js:593:20\n    at handleRequest (/home/dodain/.vscode/extensions/uqbar.wollok-lsp-ide-0.3.1/server/node_modules/vscode-jsonrpc/lib/common/connection.js:493:41)\n    at handleMessage (/home/dodain/.vscode/extensions/uqbar.wollok-lsp-ide-0.3.1/server/node_modules/vscode-jsonrpc/lib/common/connection.js:339:13)\n    at processMessageQueue (/home/dodain/.vscode/extensions/uqbar.wollok-lsp-ide-0.3.1/server/node_modules/vscode-jsonrpc/lib/common/connection.js:362:17)\n    at Immediate._onImmediate (/home/dodain/.vscode/extensions/uqbar.wollok-lsp-ide-0.3.1/server/node_modules/vscode-jsonrpc/lib/common/connection.js:334:13)\n    at process.processImmediate (node:internal/timers:476:21)","timestamp":"2024-05-23T01:16:04.805Z"}
{"level":"error","message":"✘ Completions for node failed: Error: [If]{8d8913} at pgmProgram.wpgm:26 exhausted all cases without a match [If]{8d8913} at pgmProgram.wpgm:26 exhausted all cases without a match","stack":"Error: [If]{8d8913} at pgmProgram.wpgm:26 exhausted all cases without a match\n    at /home/dodain/.vscode/extensions/uqbar.wollok-lsp-ide-0.3.1/node_modules/wollok-ts/dist/extensions.js:85:11\n    at completionsForNode (/home/dodain/.vscode/extensions/uqbar.wollok-lsp-ide-0.3.1/server/out/functionalities/autocomplete/node-completion.js:10:44)\n    at completeForParent (/home/dodain/.vscode/extensions/uqbar.wollok-lsp-ide-0.3.1/server/out/functionalities/autocomplete/node-completion.js:50:43)\n    at completeBody (/home/dodain/.vscode/extensions/uqbar.wollok-lsp-ide-0.3.1/server/out/functionalities/autocomplete/node-completion.js:36:62)\n    at /home/dodain/.vscode/extensions/uqbar.wollok-lsp-ide-0.3.1/node_modules/wollok-ts/dist/extensions.js:84:20\n    at completionsForNode (/home/dodain/.vscode/extensions/uqbar.wollok-lsp-ide-0.3.1/server/out/functionalities/autocomplete/node-completion.js:10:44)\n    at completeForParent (/home/dodain/.vscode/extensions/uqbar.wollok-lsp-ide-0.3.1/server/out/functionalities/autocomplete/node-completion.js:50:43)\n    at completionsForNode (/home/dodain/.vscode/extensions/uqbar.wollok-lsp-ide-0.3.1/server/out/functionalities/autocomplete/node-completion.js:14:46)\n    at /home/dodain/.vscode/extensions/uqbar.wollok-lsp-ide-0.3.1/server/out/functionalities/autocomplete/autocomplete.js:22:154\n    at /home/dodain/.vscode/extensions/uqbar.wollok-lsp-ide-0.3.1/server/out/server.js:198:20","timestamp":"2024-05-23T01:16:04.805Z"}
{"level":"error","message":"✘ Completions for node failed: Error: [Send]{ee24a0} at pgmProgram.wpgm:27 exhausted all cases without a match [Send]{ee24a0} at pgmProgram.wpgm:27 exhausted all cases without a match","stack":"Error: [Send]{ee24a0} at pgmProgram.wpgm:27 exhausted all cases without a match\n    at /home/dodain/.vscode/extensions/uqbar.wollok-lsp-ide-0.3.1/node_modules/wollok-ts/dist/extensions.js:85:11\n    at completionsForNode (/home/dodain/.vscode/extensions/uqbar.wollok-lsp-ide-0.3.1/server/out/functionalities/autocomplete/node-completion.js:10:44)\n    at /home/dodain/.vscode/extensions/uqbar.wollok-lsp-ide-0.3.1/server/out/functionalities/autocomplete/autocomplete.js:22:154\n    at /home/dodain/.vscode/extensions/uqbar.wollok-lsp-ide-0.3.1/server/out/server.js:198:20\n    at /home/dodain/.vscode/extensions/uqbar.wollok-lsp-ide-0.3.1/server/node_modules/vscode-languageserver/lib/common/server.js:593:20\n    at handleRequest (/home/dodain/.vscode/extensions/uqbar.wollok-lsp-ide-0.3.1/server/node_modules/vscode-jsonrpc/lib/common/connection.js:493:41)\n    at handleMessage (/home/dodain/.vscode/extensions/uqbar.wollok-lsp-ide-0.3.1/server/node_modules/vscode-jsonrpc/lib/common/connection.js:339:13)\n    at processMessageQueue (/home/dodain/.vscode/extensions/uqbar.wollok-lsp-ide-0.3.1/server/node_modules/vscode-jsonrpc/lib/common/connection.js:362:17)\n    at Immediate._onImmediate (/home/dodain/.vscode/extensions/uqbar.wollok-lsp-ide-0.3.1/server/node_modules/vscode-jsonrpc/lib/common/connection.js:334:13)\n    at process.processImmediate (node:internal/timers:476:21)","timestamp":"2024-05-23T01:16:05.054Z"}
{"level":"error","message":"✘ Completions for node failed: Error: [If]{7bf30d} at pgmProgram.wpgm:26 exhausted all cases without a match [If]{7bf30d} at pgmProgram.wpgm:26 exhausted all cases without a match","stack":"Error: [If]{7bf30d} at pgmProgram.wpgm:26 exhausted all cases without a match\n    at /home/dodain/.vscode/extensions/uqbar.wollok-lsp-ide-0.3.1/node_modules/wollok-ts/dist/extensions.js:85:11\n    at completionsForNode (/home/dodain/.vscode/extensions/uqbar.wollok-lsp-ide-0.3.1/server/out/functionalities/autocomplete/node-completion.js:10:44)\n    at completeForParent (/home/dodain/.vscode/extensions/uqbar.wollok-lsp-ide-0.3.1/server/out/functionalities/autocomplete/node-completion.js:50:43)\n    at completeBody (/home/dodain/.vscode/extensions/uqbar.wollok-lsp-ide-0.3.1/server/out/functionalities/autocomplete/node-completion.js:36:62)\n    at /home/dodain/.vscode/extensions/uqbar.wollok-lsp-ide-0.3.1/node_modules/wollok-ts/dist/extensions.js:84:20\n    at completionsForNode (/home/dodain/.vscode/extensions/uqbar.wollok-lsp-ide-0.3.1/server/out/functionalities/autocomplete/node-completion.js:10:44)\n    at completeForParent (/home/dodain/.vscode/extensions/uqbar.wollok-lsp-ide-0.3.1/server/out/functionalities/autocomplete/node-completion.js:50:43)\n    at completionsForNode (/home/dodain/.vscode/extensions/uqbar.wollok-lsp-ide-0.3.1/server/out/functionalities/autocomplete/node-completion.js:14:46)\n    at /home/dodain/.vscode/extensions/uqbar.wollok-lsp-ide-0.3.1/server/out/functionalities/autocomplete/autocomplete.js:22:154\n    at /home/dodain/.vscode/extensions/uqbar.wollok-lsp-ide-0.3.1/server/out/server.js:198:20","timestamp":"2024-05-23T01:16:05.055Z"}
{"level":"error","message":"✘ Completions for node failed: Error: [Send]{c0660d} at pgmProgram.wpgm:27 exhausted all cases without a match [Send]{c0660d} at pgmProgram.wpgm:27 exhausted all cases without a match","stack":"Error: [Send]{c0660d} at pgmProgram.wpgm:27 exhausted all cases without a match\n    at /home/dodain/.vscode/extensions/uqbar.wollok-lsp-ide-0.3.1/node_modules/wollok-ts/dist/extensions.js:85:11\n    at completionsForNode (/home/dodain/.vscode/extensions/uqbar.wollok-lsp-ide-0.3.1/server/out/functionalities/autocomplete/node-completion.js:10:44)\n    at completeForParent (/home/dodain/.vscode/extensions/uqbar.wollok-lsp-ide-0.3.1/server/out/functionalities/autocomplete/node-completion.js:50:43)\n    at completeReference (/home/dodain/.vscode/extensions/uqbar.wollok-lsp-ide-0.3.1/server/out/functionalities/autocomplete/node-completion.js:58:135)\n    at /home/dodain/.vscode/extensions/uqbar.wollok-lsp-ide-0.3.1/node_modules/wollok-ts/dist/extensions.js:84:20\n    at completionsForNode (/home/dodain/.vscode/extensions/uqbar.wollok-lsp-ide-0.3.1/server/out/functionalities/autocomplete/node-completion.js:10:44)\n    at /home/dodain/.vscode/extensions/uqbar.wollok-lsp-ide-0.3.1/server/out/functionalities/autocomplete/autocomplete.js:22:154\n    at /home/dodain/.vscode/extensions/uqbar.wollok-lsp-ide-0.3.1/server/out/server.js:198:20\n    at /home/dodain/.vscode/extensions/uqbar.wollok-lsp-ide-0.3.1/server/node_modules/vscode-languageserver/lib/common/server.js:593:20\n    at handleRequest (/home/dodain/.vscode/extensions/uqbar.wollok-lsp-ide-0.3.1/server/node_modules/vscode-jsonrpc/lib/common/connection.js:493:41)","timestamp":"2024-05-23T01:16:08.067Z"}
{"level":"error","message":"✘ Completions for node failed: Error: [If]{47d252} at pgmProgram.wpgm:26 exhausted all cases without a match [If]{47d252} at pgmProgram.wpgm:26 exhausted all cases without a match","stack":"Error: [If]{47d252} at pgmProgram.wpgm:26 exhausted all cases without a match\n    at /home/dodain/.vscode/extensions/uqbar.wollok-lsp-ide-0.3.1/node_modules/wollok-ts/dist/extensions.js:85:11\n    at completionsForNode (/home/dodain/.vscode/extensions/uqbar.wollok-lsp-ide-0.3.1/server/out/functionalities/autocomplete/node-completion.js:10:44)\n    at completeForParent (/home/dodain/.vscode/extensions/uqbar.wollok-lsp-ide-0.3.1/server/out/functionalities/autocomplete/node-completion.js:50:43)\n    at completeBody (/home/dodain/.vscode/extensions/uqbar.wollok-lsp-ide-0.3.1/server/out/functionalities/autocomplete/node-completion.js:36:62)\n    at /home/dodain/.vscode/extensions/uqbar.wollok-lsp-ide-0.3.1/node_modules/wollok-ts/dist/extensions.js:84:20\n    at completionsForNode (/home/dodain/.vscode/extensions/uqbar.wollok-lsp-ide-0.3.1/server/out/functionalities/autocomplete/node-completion.js:10:44)\n    at completeForParent (/home/dodain/.vscode/extensions/uqbar.wollok-lsp-ide-0.3.1/server/out/functionalities/autocomplete/node-completion.js:50:43)\n    at completionsForNode (/home/dodain/.vscode/extensions/uqbar.wollok-lsp-ide-0.3.1/server/out/functionalities/autocomplete/node-completion.js:14:46)\n    at completeForParent (/home/dodain/.vscode/extensions/uqbar.wollok-lsp-ide-0.3.1/server/out/functionalities/autocomplete/node-completion.js:50:43)\n    at completeReference (/home/dodain/.vscode/extensions/uqbar.wollok-lsp-ide-0.3.1/server/out/functionalities/autocomplete/node-completion.js:58:135)","timestamp":"2024-05-23T01:16:08.068Z"}
{"level":"info","message":"onRequest - completionItem/resolve","timestamp":"2024-05-23T01:16:08.198Z"}
{"level":"info","message":"onRequest - completionItem/resolve","timestamp":"2024-05-23T01:16:08.295Z"}
{"level":"info","message":"onRequest - completionItem/resolve","timestamp":"2024-05-23T01:16:08.628Z"}
{"level":"error","message":"✘ Completions for node failed: Error: [If]{22ecfe} at pgmProgram.wpgm:26 exhausted all cases without a match [If]{22ecfe} at pgmProgram.wpgm:26 exhausted all cases without a match","stack":"Error: [If]{22ecfe} at pgmProgram.wpgm:26 exhausted all cases without a match\n    at /home/dodain/.vscode/extensions/uqbar.wollok-lsp-ide-0.3.1/node_modules/wollok-ts/dist/extensions.js:85:11\n    at completionsForNode (/home/dodain/.vscode/extensions/uqbar.wollok-lsp-ide-0.3.1/server/out/functionalities/autocomplete/node-completion.js:10:44)\n    at completeForParent (/home/dodain/.vscode/extensions/uqbar.wollok-lsp-ide-0.3.1/server/out/functionalities/autocomplete/node-completion.js:50:43)\n    at completeBody (/home/dodain/.vscode/extensions/uqbar.wollok-lsp-ide-0.3.1/server/out/functionalities/autocomplete/node-completion.js:36:62)\n    at /home/dodain/.vscode/extensions/uqbar.wollok-lsp-ide-0.3.1/node_modules/wollok-ts/dist/extensions.js:84:20\n    at completionsForNode (/home/dodain/.vscode/extensions/uqbar.wollok-lsp-ide-0.3.1/server/out/functionalities/autocomplete/node-completion.js:10:44)\n    at /home/dodain/.vscode/extensions/uqbar.wollok-lsp-ide-0.3.1/server/out/functionalities/autocomplete/autocomplete.js:22:154\n    at /home/dodain/.vscode/extensions/uqbar.wollok-lsp-ide-0.3.1/server/out/server.js:198:20\n    at /home/dodain/.vscode/extensions/uqbar.wollok-lsp-ide-0.3.1/server/node_modules/vscode-languageserver/lib/common/server.js:593:20\n    at handleRequest (/home/dodain/.vscode/extensions/uqbar.wollok-lsp-ide-0.3.1/server/node_modules/vscode-jsonrpc/lib/common/connection.js:493:41)","timestamp":"2024-05-23T01:16:09.802Z"}
{"level":"info","message":"onRequest - completionItem/resolve","timestamp":"2024-05-23T01:16:09.872Z"}
{"level":"info","message":"onRequest - completionItem/resolve","timestamp":"2024-05-23T01:16:09.923Z"}
{"level":"info","message":"onRequest - completionItem/resolve","timestamp":"2024-05-23T01:16:09.980Z"}
{"level":"info","message":"onRequest - completionItem/resolve","timestamp":"2024-05-23T01:16:10.276Z"}
{"level":"info","message":"onRequest - completionItem/resolve","timestamp":"2024-05-23T01:16:10.337Z"}
{"level":"info","message":"onRequest - completionItem/resolve","timestamp":"2024-05-23T01:16:10.390Z"}
{"exitCode":"SIGHUP","level":"info","message":"👾 Game executed pgmProgram.pacmanGame on /home/dodain/workspace/wollok-dev/wollok-workspace/migracion-proyectos/pacmanBasicGame","timeElapsed":63183,"timestamp":"2024-05-23T01:16:23.909Z"}
{"exitCode":0,"level":"info","message":"👾 Game executed pgmProgram.pacmanGame on /home/dodain/workspace/wollok-dev/wollok-workspace/migracion-proyectos/pacmanBasicGame","timeElapsed":9741,"timestamp":"2024-05-23T01:16:37.092Z"}
{"level":"error","message":"✘ Completions for node failed: Error: [If]{2c8726} at pgmProgram.wpgm:27 exhausted all cases without a match [If]{2c8726} at pgmProgram.wpgm:27 exhausted all cases without a match","stack":"Error: [If]{2c8726} at pgmProgram.wpgm:27 exhausted all cases without a match\n    at /home/dodain/.vscode/extensions/uqbar.wollok-lsp-ide-0.3.1/node_modules/wollok-ts/dist/extensions.js:85:11\n    at completionsForNode (/home/dodain/.vscode/extensions/uqbar.wollok-lsp-ide-0.3.1/server/out/functionalities/autocomplete/node-completion.js:10:44)\n    at completeForParent (/home/dodain/.vscode/extensions/uqbar.wollok-lsp-ide-0.3.1/server/out/functionalities/autocomplete/node-completion.js:50:43)\n    at completeBody (/home/dodain/.vscode/extensions/uqbar.wollok-lsp-ide-0.3.1/server/out/functionalities/autocomplete/node-completion.js:36:62)\n    at /home/dodain/.vscode/extensions/uqbar.wollok-lsp-ide-0.3.1/node_modules/wollok-ts/dist/extensions.js:84:20\n    at completionsForNode (/home/dodain/.vscode/extensions/uqbar.wollok-lsp-ide-0.3.1/server/out/functionalities/autocomplete/node-completion.js:10:44)\n    at completeForParent (/home/dodain/.vscode/extensions/uqbar.wollok-lsp-ide-0.3.1/server/out/functionalities/autocomplete/node-completion.js:50:43)\n    at completeReference (/home/dodain/.vscode/extensions/uqbar.wollok-lsp-ide-0.3.1/server/out/functionalities/autocomplete/node-completion.js:58:135)\n    at /home/dodain/.vscode/extensions/uqbar.wollok-lsp-ide-0.3.1/node_modules/wollok-ts/dist/extensions.js:84:20\n    at completionsForNode (/home/dodain/.vscode/extensions/uqbar.wollok-lsp-ide-0.3.1/server/out/functionalities/autocomplete/node-completion.js:10:44)","timestamp":"2024-05-23T01:16:55.021Z"}
{"level":"info","message":"onRequest - completionItem/resolve","timestamp":"2024-05-23T01:16:55.213Z"}
{"level":"info","message":"onRequest - completionItem/resolve","timestamp":"2024-05-23T01:16:55.299Z"}
{"level":"info","message":"onRequest - completionItem/resolve","timestamp":"2024-05-23T01:16:55.388Z"}
{"level":"info","message":"onRequest - completionItem/resolve","timestamp":"2024-05-23T01:16:55.442Z"}
{"level":"info","message":"onRequest - completionItem/resolve","timestamp":"2024-05-23T01:16:55.805Z"}
{"level":"info","message":"onRequest - completionItem/resolve","timestamp":"2024-05-23T01:16:56.393Z"}
{"level":"info","message":"onRequest - completionItem/resolve","timestamp":"2024-05-23T01:16:56.725Z"}
{"level":"info","message":"onRequest - completionItem/resolve","timestamp":"2024-05-23T01:16:56.865Z"}
{"level":"info","message":"onRequest - completionItem/resolve","timestamp":"2024-05-23T01:16:57.364Z"}
{"level":"info","message":"onRequest - completionItem/resolve","timestamp":"2024-05-23T01:16:57.394Z"}
{"level":"info","message":"onRequest - completionItem/resolve","timestamp":"2024-05-23T01:16:57.424Z"}
{"level":"info","message":"onRequest - completionItem/resolve","timestamp":"2024-05-23T01:16:57.456Z"}
{"level":"info","message":"onRequest - completionItem/resolve","timestamp":"2024-05-23T01:16:57.487Z"}
{"level":"info","message":"onRequest - completionItem/resolve","timestamp":"2024-05-23T01:16:57.518Z"}
{"level":"info","message":"onRequest - completionItem/resolve","timestamp":"2024-05-23T01:16:57.548Z"}
{"level":"info","message":"onRequest - completionItem/resolve","timestamp":"2024-05-23T01:16:57.579Z"}
{"level":"info","message":"onRequest - completionItem/resolve","timestamp":"2024-05-23T01:16:57.610Z"}
{"level":"info","message":"onRequest - completionItem/resolve","timestamp":"2024-05-23T01:16:57.641Z"}
{"level":"info","message":"onRequest - completionItem/resolve","timestamp":"2024-05-23T01:16:57.672Z"}
{"level":"info","message":"onRequest - completionItem/resolve","timestamp":"2024-05-23T01:16:57.701Z"}
{"level":"info","message":"onRequest - completionItem/resolve","timestamp":"2024-05-23T01:16:57.731Z"}
{"level":"info","message":"onRequest - completionItem/resolve","timestamp":"2024-05-23T01:16:57.910Z"}
{"level":"info","message":"onRequest - completionItem/resolve","timestamp":"2024-05-23T01:16:58.095Z"}
{"level":"info","message":"onRequest - completionItem/resolve","timestamp":"2024-05-23T01:16:58.246Z"}
{"level":"info","message":"onRequest - completionItem/resolve","timestamp":"2024-05-23T01:16:58.420Z"}
{"level":"info","message":"onRequest - completionItem/resolve","timestamp":"2024-05-23T01:16:59.561Z"}
{"level":"info","message":"onRequest - completionItem/resolve","timestamp":"2024-05-23T01:16:59.722Z"}
{"level":"info","message":"onRequest - completionItem/resolve","timestamp":"2024-05-23T01:16:59.890Z"}
{"level":"info","message":"onRequest - completionItem/resolve","timestamp":"2024-05-23T01:17:03.107Z"}
{"level":"info","message":"onRequest - completionItem/resolve","timestamp":"2024-05-23T01:17:03.278Z"}
{"level":"info","message":"onRequest - completionItem/resolve","timestamp":"2024-05-23T01:17:03.444Z"}
{"level":"info","message":"onRequest - completionItem/resolve","timestamp":"2024-05-23T01:17:03.613Z"}
{"level":"info","message":"onRequest - completionItem/resolve","timestamp":"2024-05-23T01:17:03.785Z"}
{"level":"info","message":"onRequest - completionItem/resolve","timestamp":"2024-05-23T01:17:03.956Z"}
{"level":"info","message":"onRequest - completionItem/resolve","timestamp":"2024-05-23T01:17:04.125Z"}
{"level":"info","message":"onRequest - completionItem/resolve","timestamp":"2024-05-23T01:17:04.298Z"}
{"level":"info","message":"onRequest - completionItem/resolve","timestamp":"2024-05-23T01:17:04.464Z"}
{"level":"info","message":"onRequest - completionItem/resolve","timestamp":"2024-05-23T01:17:04.645Z"}
{"level":"info","message":"onRequest - completionItem/resolve","timestamp":"2024-05-23T01:17:04.811Z"}
{"level":"info","message":"onRequest - completionItem/resolve","timestamp":"2024-05-23T01:17:05.007Z"}
{"level":"info","message":"onRequest - completionItem/resolve","timestamp":"2024-05-23T01:17:05.176Z"}
{"level":"info","message":"onRequest - completionItem/resolve","timestamp":"2024-05-23T01:17:05.338Z"}
{"level":"info","message":"onRequest - completionItem/resolve","timestamp":"2024-05-23T01:17:05.510Z"}
{"level":"info","message":"onRequest - completionItem/resolve","timestamp":"2024-05-23T01:17:05.686Z"}
{"level":"info","message":"onRequest - completionItem/resolve","timestamp":"2024-05-23T01:17:05.857Z"}
{"level":"info","message":"onRequest - completionItem/resolve","timestamp":"2024-05-23T01:17:06.029Z"}
{"level":"info","message":"onRequest - completionItem/resolve","timestamp":"2024-05-23T01:17:06.203Z"}
{"level":"info","message":"onRequest - completionItem/resolve","timestamp":"2024-05-23T01:17:06.387Z"}
{"level":"info","message":"onRequest - completionItem/resolve","timestamp":"2024-05-23T01:17:06.568Z"}
{"level":"info","message":"onRequest - completionItem/resolve","timestamp":"2024-05-23T01:17:06.755Z"}
{"level":"info","message":"onRequest - completionItem/resolve","timestamp":"2024-05-23T01:17:06.963Z"}
{"level":"info","message":"onRequest - completionItem/resolve","timestamp":"2024-05-23T01:17:07.168Z"}
{"level":"info","message":"onRequest - completionItem/resolve","timestamp":"2024-05-23T01:17:07.387Z"}
{"level":"info","message":"onRequest - completionItem/resolve","timestamp":"2024-05-23T01:17:07.542Z"}
{"level":"info","message":"onRequest - completionItem/resolve","timestamp":"2024-05-23T01:17:08.042Z"}
{"level":"info","message":"onRequest - completionItem/resolve","timestamp":"2024-05-23T01:17:08.073Z"}
{"level":"info","message":"onRequest - completionItem/resolve","timestamp":"2024-05-23T01:17:08.105Z"}
{"level":"info","message":"onRequest - completionItem/resolve","timestamp":"2024-05-23T01:17:08.136Z"}
{"level":"info","message":"onRequest - completionItem/resolve","timestamp":"2024-05-23T01:17:08.166Z"}
{"level":"info","message":"onRequest - completionItem/resolve","timestamp":"2024-05-23T01:17:08.195Z"}
{"level":"info","message":"onRequest - completionItem/resolve","timestamp":"2024-05-23T01:17:08.224Z"}
{"level":"info","message":"onRequest - completionItem/resolve","timestamp":"2024-05-23T01:17:08.266Z"}
{"level":"info","message":"onRequest - completionItem/resolve","timestamp":"2024-05-23T01:17:08.287Z"}
{"level":"info","message":"onRequest - completionItem/resolve","timestamp":"2024-05-23T01:17:08.316Z"}
{"level":"info","message":"onRequest - completionItem/resolve","timestamp":"2024-05-23T01:17:08.349Z"}
{"level":"info","message":"onRequest - completionItem/resolve","timestamp":"2024-05-23T01:17:08.376Z"}
{"level":"info","message":"onRequest - completionItem/resolve","timestamp":"2024-05-23T01:17:08.407Z"}
{"level":"info","message":"onRequest - completionItem/resolve","timestamp":"2024-05-23T01:17:08.440Z"}
{"level":"info","message":"onRequest - completionItem/resolve","timestamp":"2024-05-23T01:17:08.470Z"}
{"level":"info","message":"onRequest - completionItem/resolve","timestamp":"2024-05-23T01:17:08.501Z"}
{"level":"info","message":"onRequest - completionItem/resolve","timestamp":"2024-05-23T01:17:08.530Z"}
{"level":"info","message":"onRequest - completionItem/resolve","timestamp":"2024-05-23T01:17:08.560Z"}
{"level":"info","message":"onRequest - completionItem/resolve","timestamp":"2024-05-23T01:17:08.824Z"}
{"level":"info","message":"onRequest - completionItem/resolve","timestamp":"2024-05-23T01:17:09.696Z"}
{"level":"info","message":"onRequest - completionItem/resolve","timestamp":"2024-05-23T01:17:10.197Z"}
{"level":"info","message":"onRequest - completionItem/resolve","timestamp":"2024-05-23T01:17:10.226Z"}
{"level":"info","message":"onRequest - completionItem/resolve","timestamp":"2024-05-23T01:17:10.256Z"}
{"level":"info","message":"onRequest - completionItem/resolve","timestamp":"2024-05-23T01:17:10.285Z"}
{"level":"info","message":"onRequest - completionItem/resolve","timestamp":"2024-05-23T01:17:10.316Z"}
{"level":"info","message":"onRequest - completionItem/resolve","timestamp":"2024-05-23T01:17:10.347Z"}
{"level":"info","message":"onRequest - completionItem/resolve","timestamp":"2024-05-23T01:17:10.376Z"}
{"level":"info","message":"onRequest - completionItem/resolve","timestamp":"2024-05-23T01:17:10.740Z"}
{"level":"info","message":"onRequest - completionItem/resolve","timestamp":"2024-05-23T01:17:10.876Z"}
{"level":"info","message":"onRequest - completionItem/resolve","timestamp":"2024-05-23T01:17:11.396Z"}
{"level":"info","message":"onRequest - completionItem/resolve","timestamp":"2024-05-23T01:17:11.896Z"}
{"level":"info","message":"onRequest - completionItem/resolve","timestamp":"2024-05-23T01:17:11.927Z"}
{"level":"info","message":"onRequest - completionItem/resolve","timestamp":"2024-05-23T01:17:11.957Z"}
{"level":"info","message":"onRequest - completionItem/resolve","timestamp":"2024-05-23T01:17:11.988Z"}
{"level":"info","message":"onRequest - completionItem/resolve","timestamp":"2024-05-23T01:17:12.019Z"}
{"level":"info","message":"onRequest - completionItem/resolve","timestamp":"2024-05-23T01:17:12.055Z"}
{"level":"info","message":"onRequest - completionItem/resolve","timestamp":"2024-05-23T01:17:12.078Z"}
{"level":"info","message":"onRequest - completionItem/resolve","timestamp":"2024-05-23T01:17:12.109Z"}
{"level":"info","message":"onRequest - completionItem/resolve","timestamp":"2024-05-23T01:17:12.142Z"}
{"level":"info","message":"onRequest - completionItem/resolve","timestamp":"2024-05-23T01:17:12.172Z"}
{"level":"info","message":"onRequest - completionItem/resolve","timestamp":"2024-05-23T01:17:12.203Z"}
{"level":"info","message":"onRequest - completionItem/resolve","timestamp":"2024-05-23T01:17:12.234Z"}
{"level":"info","message":"onRequest - completionItem/resolve","timestamp":"2024-05-23T01:17:12.264Z"}
{"level":"info","message":"onRequest - completionItem/resolve","timestamp":"2024-05-23T01:17:12.294Z"}
{"level":"info","message":"onRequest - completionItem/resolve","timestamp":"2024-05-23T01:17:12.323Z"}
{"level":"info","message":"onRequest - completionItem/resolve","timestamp":"2024-05-23T01:17:12.373Z"}
{"level":"info","message":"onRequest - completionItem/resolve","timestamp":"2024-05-23T01:17:12.383Z"}
{"level":"info","message":"onRequest - completionItem/resolve","timestamp":"2024-05-23T01:17:12.414Z"}
{"level":"info","message":"onRequest - completionItem/resolve","timestamp":"2024-05-23T01:17:12.445Z"}
{"level":"info","message":"onRequest - completionItem/resolve","timestamp":"2024-05-23T01:17:12.476Z"}
{"level":"info","message":"onRequest - completionItem/resolve","timestamp":"2024-05-23T01:17:12.506Z"}
{"level":"info","message":"onRequest - completionItem/resolve","timestamp":"2024-05-23T01:17:12.537Z"}
{"level":"info","message":"onRequest - completionItem/resolve","timestamp":"2024-05-23T01:17:12.575Z"}
{"level":"info","message":"onRequest - completionItem/resolve","timestamp":"2024-05-23T01:17:12.596Z"}
{"level":"info","message":"onRequest - completionItem/resolve","timestamp":"2024-05-23T01:17:12.635Z"}
{"level":"info","message":"onRequest - completionItem/resolve","timestamp":"2024-05-23T01:17:12.672Z"}
{"level":"info","message":"onRequest - completionItem/resolve","timestamp":"2024-05-23T01:17:12.710Z"}
{"level":"info","message":"onRequest - completionItem/resolve","timestamp":"2024-05-23T01:17:12.719Z"}
{"level":"info","message":"onRequest - completionItem/resolve","timestamp":"2024-05-23T01:17:12.750Z"}
{"level":"info","message":"onRequest - completionItem/resolve","timestamp":"2024-05-23T01:17:12.787Z"}
{"level":"info","message":"onRequest - completionItem/resolve","timestamp":"2024-05-23T01:17:12.811Z"}
{"level":"info","message":"onRequest - completionItem/resolve","timestamp":"2024-05-23T01:17:12.997Z"}
{"level":"info","message":"onRequest - completionItem/resolve","timestamp":"2024-05-23T01:17:13.498Z"}
{"level":"info","message":"onRequest - completionItem/resolve","timestamp":"2024-05-23T01:17:13.527Z"}
{"level":"info","message":"onRequest - completionItem/resolve","timestamp":"2024-05-23T01:17:13.558Z"}
{"level":"info","message":"onRequest - completionItem/resolve","timestamp":"2024-05-23T01:17:13.588Z"}
{"level":"info","message":"onRequest - completionItem/resolve","timestamp":"2024-05-23T01:17:13.618Z"}
{"level":"info","message":"onRequest - completionItem/resolve","timestamp":"2024-05-23T01:17:13.650Z"}
{"level":"info","message":"onRequest - completionItem/resolve","timestamp":"2024-05-23T01:17:13.679Z"}
{"level":"info","message":"onRequest - completionItem/resolve","timestamp":"2024-05-23T01:17:13.708Z"}
{"level":"info","message":"onRequest - completionItem/resolve","timestamp":"2024-05-23T01:17:13.739Z"}
{"level":"info","message":"onRequest - completionItem/resolve","timestamp":"2024-05-23T01:17:13.770Z"}
{"level":"info","message":"onRequest - completionItem/resolve","timestamp":"2024-05-23T01:17:13.801Z"}
{"level":"info","message":"onRequest - completionItem/resolve","timestamp":"2024-05-23T01:17:13.832Z"}
{"level":"info","message":"onRequest - completionItem/resolve","timestamp":"2024-05-23T01:17:13.862Z"}
{"level":"info","message":"onRequest - completionItem/resolve","timestamp":"2024-05-23T01:17:13.892Z"}
{"level":"info","message":"onRequest - completionItem/resolve","timestamp":"2024-05-23T01:17:13.922Z"}
{"level":"info","message":"onRequest - completionItem/resolve","timestamp":"2024-05-23T01:17:13.951Z"}
{"level":"info","message":"onRequest - completionItem/resolve","timestamp":"2024-05-23T01:17:13.981Z"}
{"level":"info","message":"onRequest - completionItem/resolve","timestamp":"2024-05-23T01:17:14.012Z"}
{"level":"info","message":"onRequest - completionItem/resolve","timestamp":"2024-05-23T01:17:14.042Z"}
{"level":"info","message":"onRequest - completionItem/resolve","timestamp":"2024-05-23T01:17:14.072Z"}
{"level":"info","message":"onRequest - completionItem/resolve","timestamp":"2024-05-23T01:17:14.103Z"}
{"level":"info","message":"onRequest - completionItem/resolve","timestamp":"2024-05-23T01:17:14.134Z"}
{"level":"info","message":"onRequest - completionItem/resolve","timestamp":"2024-05-23T01:17:14.164Z"}
{"level":"info","message":"onRequest - completionItem/resolve","timestamp":"2024-05-23T01:17:14.193Z"}
{"level":"info","message":"onRequest - completionItem/resolve","timestamp":"2024-05-23T01:17:14.225Z"}
{"level":"info","message":"onRequest - completionItem/resolve","timestamp":"2024-05-23T01:17:14.256Z"}
{"level":"info","message":"onRequest - completionItem/resolve","timestamp":"2024-05-23T01:17:14.453Z"}
{"level":"info","message":"onRequest - completionItem/resolve","timestamp":"2024-05-23T01:17:14.951Z"}
{"level":"info","message":"onRequest - completionItem/resolve","timestamp":"2024-05-23T01:17:14.981Z"}
{"level":"info","message":"onRequest - completionItem/resolve","timestamp":"2024-05-23T01:17:15.012Z"}
{"level":"info","message":"onRequest - completionItem/resolve","timestamp":"2024-05-23T01:17:15.041Z"}
{"level":"info","message":"onRequest - completionItem/resolve","timestamp":"2024-05-23T01:17:15.071Z"}
{"level":"info","message":"onRequest - completionItem/resolve","timestamp":"2024-05-23T01:17:15.103Z"}
{"level":"info","message":"onRequest - completionItem/resolve","timestamp":"2024-05-23T01:17:15.134Z"}
{"level":"info","message":"onRequest - completionItem/resolve","timestamp":"2024-05-23T01:17:15.165Z"}
{"level":"info","message":"onRequest - completionItem/resolve","timestamp":"2024-05-23T01:17:15.196Z"}
{"level":"info","message":"onRequest - completionItem/resolve","timestamp":"2024-05-23T01:17:15.226Z"}
{"level":"info","message":"onRequest - completionItem/resolve","timestamp":"2024-05-23T01:17:15.255Z"}
{"level":"info","message":"onRequest - completionItem/resolve","timestamp":"2024-05-23T01:17:15.284Z"}
{"level":"info","message":"onRequest - completionItem/resolve","timestamp":"2024-05-23T01:17:15.315Z"}
{"level":"info","message":"onRequest - completionItem/resolve","timestamp":"2024-05-23T01:17:15.346Z"}
{"level":"info","message":"onRequest - completionItem/resolve","timestamp":"2024-05-23T01:17:15.374Z"}
{"level":"info","message":"onRequest - completionItem/resolve","timestamp":"2024-05-23T01:17:15.404Z"}
{"level":"info","message":"onRequest - completionItem/resolve","timestamp":"2024-05-23T01:17:15.436Z"}
{"level":"info","message":"onRequest - completionItem/resolve","timestamp":"2024-05-23T01:17:15.464Z"}
{"level":"info","message":"onRequest - completionItem/resolve","timestamp":"2024-05-23T01:17:15.497Z"}
{"level":"info","message":"onRequest - completionItem/resolve","timestamp":"2024-05-23T01:17:15.529Z"}
{"level":"info","message":"onRequest - completionItem/resolve","timestamp":"2024-05-23T01:17:15.558Z"}
{"level":"info","message":"onRequest - completionItem/resolve","timestamp":"2024-05-23T01:17:15.617Z"}
{"level":"info","message":"onRequest - completionItem/resolve","timestamp":"2024-05-23T01:17:15.622Z"}
{"level":"info","message":"onRequest - completionItem/resolve","timestamp":"2024-05-23T01:17:15.649Z"}
{"level":"info","message":"onRequest - completionItem/resolve","timestamp":"2024-05-23T01:17:15.679Z"}
{"level":"info","message":"onRequest - completionItem/resolve","timestamp":"2024-05-23T01:17:15.710Z"}
{"level":"info","message":"onRequest - completionItem/resolve","timestamp":"2024-05-23T01:17:15.740Z"}
{"level":"info","message":"onRequest - completionItem/resolve","timestamp":"2024-05-23T01:17:15.770Z"}
{"level":"info","message":"onRequest - completionItem/resolve","timestamp":"2024-05-23T01:17:15.800Z"}
{"level":"info","message":"onRequest - completionItem/resolve","timestamp":"2024-05-23T01:17:15.834Z"}
{"level":"info","message":"onRequest - completionItem/resolve","timestamp":"2024-05-23T01:17:15.863Z"}
{"level":"info","message":"onRequest - completionItem/resolve","timestamp":"2024-05-23T01:17:15.892Z"}
{"level":"info","message":"onRequest - completionItem/resolve","timestamp":"2024-05-23T01:17:15.923Z"}
{"level":"info","message":"onRequest - completionItem/resolve","timestamp":"2024-05-23T01:17:15.951Z"}
{"level":"info","message":"onRequest - completionItem/resolve","timestamp":"2024-05-23T01:17:15.983Z"}
{"level":"info","message":"onRequest - completionItem/resolve","timestamp":"2024-05-23T01:17:16.015Z"}
{"level":"info","message":"onRequest - completionItem/resolve","timestamp":"2024-05-23T01:17:16.045Z"}
{"level":"info","message":"onRequest - completionItem/resolve","timestamp":"2024-05-23T01:17:16.073Z"}
{"level":"info","message":"onRequest - completionItem/resolve","timestamp":"2024-05-23T01:17:16.103Z"}
{"level":"info","message":"onRequest - completionItem/resolve","timestamp":"2024-05-23T01:17:16.134Z"}
{"level":"info","message":"onRequest - completionItem/resolve","timestamp":"2024-05-23T01:17:16.164Z"}
{"level":"info","message":"onRequest - completionItem/resolve","timestamp":"2024-05-23T01:17:16.194Z"}
{"level":"info","message":"onRequest - completionItem/resolve","timestamp":"2024-05-23T01:17:16.224Z"}
{"level":"info","message":"onRequest - completionItem/resolve","timestamp":"2024-05-23T01:17:16.254Z"}
{"level":"info","message":"onRequest - completionItem/resolve","timestamp":"2024-05-23T01:17:16.285Z"}
{"level":"info","message":"onRequest - completionItem/resolve","timestamp":"2024-05-23T01:17:16.316Z"}
{"level":"info","message":"onRequest - completionItem/resolve","timestamp":"2024-05-23T01:17:16.347Z"}
{"level":"info","message":"onRequest - completionItem/resolve","timestamp":"2024-05-23T01:17:16.375Z"}
{"level":"info","message":"onRequest - completionItem/resolve","timestamp":"2024-05-23T01:17:16.405Z"}
{"level":"info","message":"onRequest - completionItem/resolve","timestamp":"2024-05-23T01:17:16.441Z"}
{"level":"info","message":"onRequest - completionItem/resolve","timestamp":"2024-05-23T01:17:16.468Z"}
{"level":"info","message":"onRequest - completionItem/resolve","timestamp":"2024-05-23T01:17:16.495Z"}
{"level":"info","message":"onRequest - completionItem/resolve","timestamp":"2024-05-23T01:17:16.526Z"}
{"level":"info","message":"onRequest - completionItem/resolve","timestamp":"2024-05-23T01:17:16.555Z"}
{"level":"info","message":"onRequest - completionItem/resolve","timestamp":"2024-05-23T01:17:16.585Z"}
{"level":"info","message":"onRequest - completionItem/resolve","timestamp":"2024-05-23T01:17:16.615Z"}
{"level":"info","message":"onRequest - completionItem/resolve","timestamp":"2024-05-23T01:17:16.645Z"}
{"level":"info","message":"onRequest - completionItem/resolve","timestamp":"2024-05-23T01:17:16.677Z"}
{"level":"info","message":"onRequest - completionItem/resolve","timestamp":"2024-05-23T01:17:16.708Z"}
{"level":"info","message":"onRequest - completionItem/resolve","timestamp":"2024-05-23T01:17:16.738Z"}
{"level":"info","message":"onRequest - completionItem/resolve","timestamp":"2024-05-23T01:17:16.768Z"}
{"level":"info","message":"onRequest - completionItem/resolve","timestamp":"2024-05-23T01:17:16.798Z"}
{"level":"info","message":"onRequest - completionItem/resolve","timestamp":"2024-05-23T01:17:16.828Z"}
{"level":"info","message":"onRequest - completionItem/resolve","timestamp":"2024-05-23T01:17:16.871Z"}
{"level":"info","message":"onRequest - completionItem/resolve","timestamp":"2024-05-23T01:17:16.891Z"}
{"level":"info","message":"onRequest - completionItem/resolve","timestamp":"2024-05-23T01:17:16.924Z"}
{"level":"info","message":"onRequest - completionItem/resolve","timestamp":"2024-05-23T01:17:16.952Z"}
{"level":"info","message":"onRequest - completionItem/resolve","timestamp":"2024-05-23T01:17:16.983Z"}
{"level":"info","message":"onRequest - completionItem/resolve","timestamp":"2024-05-23T01:17:17.013Z"}
{"level":"info","message":"onRequest - completionItem/resolve","timestamp":"2024-05-23T01:17:18.357Z"}
{"level":"info","message":"onRequest - completionItem/resolve","timestamp":"2024-05-23T01:17:18.555Z"}
{"level":"info","message":"onRequest - completionItem/resolve","timestamp":"2024-05-23T01:17:20.879Z"}
{"level":"info","message":"onRequest - completionItem/resolve","timestamp":"2024-05-23T01:17:21.070Z"}
{"level":"info","message":"onRequest - completionItem/resolve","timestamp":"2024-05-23T01:17:21.234Z"}
{"exitCode":0,"level":"info","message":"👾 Game executed pgmProgram.pacmanGame on /home/dodain/workspace/wollok-dev/wollok-workspace/migracion-proyectos/pacmanBasicGame","timeElapsed":14570,"timestamp":"2024-05-23T01:17:59.473Z"}
{"exitCode":0,"level":"info","message":"👾 Game executed pgmProgram.pacmanGame on /home/dodain/workspace/wollok-dev/wollok-workspace/migracion-proyectos/pacmanBasicGame","timeElapsed":14187,"timestamp":"2024-05-23T01:18:28.756Z"}
{"exitCode":0,"level":"info","message":"👾 Game executed pgmProgram.pacmanGame on /home/dodain/workspace/wollok-dev/wollok-workspace/migracion-proyectos/pacmanBasicGame","timeElapsed":17239,"timestamp":"2024-05-23T01:26:22.364Z"}
{"exitCode":0,"level":"info","message":"👾 Game executed pgmProgram.pacmanGame on /home/dodain/workspace/wollok-dev/wollok-workspace/migracion-proyectos/pacmanBasicGame","timeElapsed":12994,"timestamp":"2024-05-23T01:26:41.557Z"}
{"level":"info","message":"⌛ Building environment","timeElapsed":182,"timestamp":"2024-05-24T00:27:32.394Z"}
{"level":"info","message":"onRequest - WORKSPACE_URI:file:///home/dodain/workspace/wollok-dev/wollok-workspace/migracion-proyectos/pacmanBasicGame","timestamp":"2024-05-24T00:27:32.396Z"}
{"level":"info","message":"⌛ Building environment","timeElapsed":106,"timestamp":"2024-05-24T00:27:32.503Z"}
{"exitCode":0,"level":"info","message":"👾 Game executed pgmProgram.pacmanGame on /home/dodain/workspace/wollok-dev/wollok-workspace/migracion-proyectos/pacmanBasicGame","timeElapsed":209749,"timestamp":"2024-05-24T00:31:06.098Z"}
{"level":"info","message":"onRequest - STRONG_FILES_CHANGED:/home/dodain/workspace/wollok-dev/wollok-workspace/migracion-proyectos/pacmanBasicGame/videos/demo.gif","timestamp":"2024-05-24T00:31:26.245Z"}
{"level":"info","message":"onRequest - WORKSPACE_URI:file:///home/dodain/workspace/wollok-dev/wollok-workspace/migracion-proyectos/pacmanBasicGame","timestamp":"2024-05-24T00:31:26.421Z"}
{"level":"info","message":"Removing diagnostics from /home/dodain/workspace/wollok-dev/wollok-workspace/migracion-proyectos/pacmanBasicGame/videos/demo.gif","timestamp":"2024-05-24T00:31:26.557Z"}
{"level":"info","message":"🚀 Program executed \u001b[3m\u001b[34mpgmProgram.pacmanGame\u001b[39m\u001b[23m on \u001b[3m\u001b[34mc:\\Users\\Andrea\\Desktop\\Programacion con obj1\\pacmanbasicgame-pabloandino0804-bit\u001b[39m\u001b[23m","ok":true,"timeElapsed":17363,"timestamp":"2025-09-06T13:21:38.801Z"}
{"exitCode":"SIGHUP","level":"info","message":"👾 Game executed pgmProgram.pacmanGame on c:\\Users\\Andrea\\Desktop\\Programacion con obj1\\pacmanbasicgame-pabloandino0804-bit","timeElapsed":47450,"timestamp":"2025-09-06T13:22:08.791Z"}
{"level":"info","message":"🚀 Program executed \u001b[3m\u001b[34mpgmProgram.pacmanGame\u001b[39m\u001b[23m on \u001b[3m\u001b[34mc:\\Users\\Andrea\\Desktop\\Programacion con obj1\\pacmanbasicgame-pabloandino0804-bit\u001b[39m\u001b[23m","ok":true,"timeElapsed":3509,"timestamp":"2025-09-06T13:22:37.004Z"}
{"exitCode":"SIGHUP","level":"info","message":"👾 Game executed pgmProgram.pacmanGame on c:\\Users\\Andrea\\Desktop\\Programacion con obj1\\pacmanbasicgame-pabloandino0804-bit","timeElapsed":45765,"timestamp":"2025-09-06T13:23:19.183Z"}
{"level":"info","message":"🚀 Program executed \u001b[3m\u001b[34mpgmProgram.pacmanGame\u001b[39m\u001b[23m on \u001b[3m\u001b[34mc:\\Users\\Andrea\\Desktop\\Programacion con obj1\\pacmanbasicgame-pabloandino0804-bit\u001b[39m\u001b[23m","ok":true,"timeElapsed":3006,"timestamp":"2025-09-06T13:23:41.228Z"}
{"exitCode":"SIGHUP","level":"info","message":"👾 Game executed pgmProgram.pacmanGame on c:\\Users\\Andrea\\Desktop\\Programacion con obj1\\pacmanbasicgame-pabloandino0804-bit","timeElapsed":264853,"timestamp":"2025-09-06T13:28:03.064Z"}
{"level":"info","message":"🚀 Program executed \u001b[3m\u001b[34mpgmProgram.pacmanGame\u001b[39m\u001b[23m on \u001b[3m\u001b[34mc:\\Users\\Andrea\\Desktop\\Programacion con obj1\\pacmanbasicgame-pabloandino0804-bit\u001b[39m\u001b[23m","ok":true,"timeElapsed":5109,"timestamp":"2025-09-06T13:28:29.302Z"}
{"exitCode":"SIGHUP","level":"info","message":"👾 Game executed pgmProgram.pacmanGame on c:\\Users\\Andrea\\Desktop\\Programacion con obj1\\pacmanbasicgame-pabloandino0804-bit","timeElapsed":202259,"timestamp":"2025-09-06T13:31:46.453Z"}
{"level":"info","message":"🚀 Program executed \u001b[3m\u001b[34mpgmProgram.pacmanGame\u001b[39m\u001b[23m on \u001b[3m\u001b[34mc:\\Users\\Andrea\\Desktop\\Programacion con obj1\\pacmanbasicgame-pabloandino0804-bit\u001b[39m\u001b[23m","ok":true,"timeElapsed":6678,"timestamp":"2025-09-06T13:32:16.058Z"}
{"exitCode":0,"level":"info","message":"👾 Game executed pgmProgram.pacmanGame on c:\\Users\\Andrea\\Desktop\\Programacion con obj1\\pacmanbasicgame-pabloandino0804-bit","timeElapsed":100816,"timestamp":"2025-09-06T13:33:50.196Z"}
{"level":"info","message":"🚀 Program executed \u001b[3m\u001b[34mpgmProgram.pacmanGame\u001b[39m\u001b[23m on \u001b[3m\u001b[34mc:\\Users\\Andrea\\Desktop\\Programacion con obj1\\pacmanbasicgame-pabloandino0804-bit\u001b[39m\u001b[23m","ok":true,"timeElapsed":3922,"timestamp":"2025-09-14T13:33:55.351Z"}
{"exitCode":"SIGHUP","level":"info","message":"👾 Game executed pgmProgram.pacmanGame on c:\\Users\\Andrea\\Desktop\\Programacion con obj1\\pacmanbasicgame-pabloandino0804-bit","timeElapsed":416437,"timestamp":"2025-09-14T13:40:47.860Z"}
{"level":"info","message":"⌛ Building environment","timeElapsed":3081,"timestamp":"2025-09-14T13:42:35.445Z"}
{"level":"info","message":"⌛ Building environment","timeElapsed":2244,"timestamp":"2025-09-14T13:42:37.889Z"}
{"level":"info","message":"⌛ Building environment","timeElapsed":1640,"timestamp":"2025-09-14T13:42:39.553Z"}
{"level":"info","message":"⌛ Validating pgmProgram.wpgm","timeElapsed":3936,"timestamp":"2025-09-14T13:42:43.519Z"}
{"level":"info","message":"⌛ Validating example.wlk","timeElapsed":3235,"timestamp":"2025-09-14T13:42:46.762Z"}
{"level":"info","message":"⌛ Building environment","timeElapsed":2385,"timestamp":"2025-09-14T13:42:49.161Z"}
{"level":"info","message":"⌛ Validating pgmProgram.wpgm","timeElapsed":1688,"timestamp":"2025-09-14T13:42:53.605Z"}
{"level":"info","message":"⌛ Validating example.wlk","timeElapsed":1490,"timestamp":"2025-09-14T13:42:55.097Z"}
{"level":"error","message":"✘ Failed to rebuild document Failed to parse example.wlk: \n-- PARSING FAILED --------------------------------------------------\n\n  22 | \n  23 | \t}\n> 24 | }\n     | ^\n  25 | \n  26 | object cherry {\n\nExpected one of the following: \n\n' ', '@', 'class', 'const', 'describe', 'mixin', 'object', 'only', 'package', 'program', 'test', 'var', '{', EOF, comment, not \"}\r\n\r\n\", whitespace\n","stack":"Error: Failed to parse example.wlk: \n-- PARSING FAILED --------------------------------------------------\n\n  22 | \n  23 | \t}\n> 24 | }\n     | ^\n  25 | \n  26 | object cherry {\n\nExpected one of the following: \n\n' ', '@', 'class', 'const', 'describe', 'mixin', 'object', 'only', 'package', 'program', 'test', 'var', '{', EOF, comment, not \"}\r\n\r\n\", whitespace\n\n    at c:\\Users\\Andrea\\.vscode\\extensions\\uqbar.wollok-lsp-ide-0.5.3\\out\\server\\src\\server.js:2348:13026\n    at Array.map (<anonymous>)\n    at W1n (c:\\Users\\Andrea\\.vscode\\extensions\\uqbar.wollok-lsp-ide-0.5.3\\out\\server\\src\\server.js:2348:12950)\n    at U2.buildEnvironmentFrom (c:\\Users\\Andrea\\.vscode\\extensions\\uqbar.wollok-lsp-ide-0.5.3\\out\\server\\src\\server.js:2393:5254)\n    at U2.updateEnvironmentWith (c:\\Users\\Andrea\\.vscode\\extensions\\uqbar.wollok-lsp-ide-0.5.3\\out\\server\\src\\server.js:2393:4989)\n    at JF (c:\\Users\\Andrea\\.vscode\\extensions\\uqbar.wollok-lsp-ide-0.5.3\\out\\server\\src\\server.js:2393:7383)\n    at F3.invoke (c:\\Users\\Andrea\\.vscode\\extensions\\uqbar.wollok-lsp-ide-0.5.3\\out\\server\\src\\server.js:3:157334)\n    at o.fire (c:\\Users\\Andrea\\.vscode\\extensions\\uqbar.wollok-lsp-ide-0.5.3\\out\\server\\src\\server.js:3:158104)\n    at c:\\Users\\Andrea\\.vscode\\extensions\\uqbar.wollok-lsp-ide-0.5.3\\out\\server\\src\\server.js:37:57871\n    at Zr (c:\\Users\\Andrea\\.vscode\\extensions\\uqbar.wollok-lsp-ide-0.5.3\\out\\server\\src\\server.js:8:1561)","timestamp":"2025-09-14T13:43:29.010Z"}
{"level":"info","message":"⌛ Building environment","timeElapsed":1626,"timestamp":"2025-09-14T13:43:31.917Z"}
{"level":"info","message":"⌛ Building environment","timeElapsed":1611,"timestamp":"2025-09-14T13:43:33.598Z"}
{"level":"info","message":"⌛ Building environment","timeElapsed":2284,"timestamp":"2025-09-14T13:43:35.905Z"}
{"level":"info","message":"⌛ Building environment","timeElapsed":2656,"timestamp":"2025-09-14T13:43:38.647Z"}
{"level":"info","message":"⌛ Validating example.wlk","timeElapsed":1401,"timestamp":"2025-09-14T13:43:40.165Z"}
{"level":"info","message":"⌛ Building environment","timeElapsed":1802,"timestamp":"2025-09-14T13:43:42.065Z"}
{"level":"info","message":"⌛ Building environment","timeElapsed":1390,"timestamp":"2025-09-14T13:43:43.549Z"}
{"level":"info","message":"⌛ Validating example.wlk","timeElapsed":1379,"timestamp":"2025-09-14T13:43:44.999Z"}
{"level":"error","message":"✘ Failed to rebuild document Failed to parse example.wlk: \n-- PARSING FAILED --------------------------------------------------\n\n  22 | \n  23 | \t}\n> 24 | }\n     | ^\n  25 | \n  26 | object cherry {\n\nExpected one of the following: \n\n' ', '@', 'class', 'const', 'describe', 'mixin', 'object', 'only', 'package', 'program', 'test', 'var', '{', EOF, comment, not \"}\r\n\r\n\", whitespace\n","stack":"Error: Failed to parse example.wlk: \n-- PARSING FAILED --------------------------------------------------\n\n  22 | \n  23 | \t}\n> 24 | }\n     | ^\n  25 | \n  26 | object cherry {\n\nExpected one of the following: \n\n' ', '@', 'class', 'const', 'describe', 'mixin', 'object', 'only', 'package', 'program', 'test', 'var', '{', EOF, comment, not \"}\r\n\r\n\", whitespace\n\n    at c:\\Users\\Andrea\\.vscode\\extensions\\uqbar.wollok-lsp-ide-0.5.3\\out\\server\\src\\server.js:2348:13026\n    at Array.map (<anonymous>)\n    at W1n (c:\\Users\\Andrea\\.vscode\\extensions\\uqbar.wollok-lsp-ide-0.5.3\\out\\server\\src\\server.js:2348:12950)\n    at U2.buildEnvironmentFrom (c:\\Users\\Andrea\\.vscode\\extensions\\uqbar.wollok-lsp-ide-0.5.3\\out\\server\\src\\server.js:2393:5254)\n    at U2.updateEnvironmentWith (c:\\Users\\Andrea\\.vscode\\extensions\\uqbar.wollok-lsp-ide-0.5.3\\out\\server\\src\\server.js:2393:4989)\n    at JF (c:\\Users\\Andrea\\.vscode\\extensions\\uqbar.wollok-lsp-ide-0.5.3\\out\\server\\src\\server.js:2393:7383)\n    at F3.invoke (c:\\Users\\Andrea\\.vscode\\extensions\\uqbar.wollok-lsp-ide-0.5.3\\out\\server\\src\\server.js:3:157334)\n    at o.fire (c:\\Users\\Andrea\\.vscode\\extensions\\uqbar.wollok-lsp-ide-0.5.3\\out\\server\\src\\server.js:3:158104)\n    at c:\\Users\\Andrea\\.vscode\\extensions\\uqbar.wollok-lsp-ide-0.5.3\\out\\server\\src\\server.js:37:57871\n    at Zr (c:\\Users\\Andrea\\.vscode\\extensions\\uqbar.wollok-lsp-ide-0.5.3\\out\\server\\src\\server.js:8:1561)","timestamp":"2025-09-14T13:43:45.116Z"}
{"level":"info","message":"⌛ Building environment","timeElapsed":1287,"timestamp":"2025-09-14T13:43:46.571Z"}
{"level":"info","message":"⌛ Validating example.wlk","timeElapsed":1568,"timestamp":"2025-09-14T13:43:48.277Z"}
{"level":"info","message":"⌛ Building environment","timeElapsed":1440,"timestamp":"2025-09-14T13:43:49.803Z"}
{"level":"info","message":"⌛ Building environment","timeElapsed":3953,"timestamp":"2025-09-14T13:43:54.248Z"}
{"level":"info","message":"⌛ Building environment","timeElapsed":1327,"timestamp":"2025-09-14T13:43:55.586Z"}
{"level":"info","message":"⌛ Building environment","timeElapsed":1224,"timestamp":"2025-09-14T13:43:56.899Z"}
{"level":"info","message":"⌛ Validating example.wlk","timeElapsed":1205,"timestamp":"2025-09-14T13:43:58.284Z"}
{"level":"info","message":"⌛ Validating example.wlk","timeElapsed":1280,"timestamp":"2025-09-14T13:43:59.642Z"}
{"level":"info","message":"⌛ Validating example.wlk","timeElapsed":1456,"timestamp":"2025-09-14T13:44:01.117Z"}
{"level":"info","message":"⌛ Validating example.wlk","timeElapsed":3355,"timestamp":"2025-09-14T13:44:04.614Z"}
{"level":"info","message":"⌛ Validating example.wlk","timeElapsed":1677,"timestamp":"2025-09-14T13:44:06.303Z"}
{"level":"info","message":"⌛ Validating example.wlk","timeElapsed":5057,"timestamp":"2025-09-14T13:44:11.908Z"}
{"level":"info","message":"⌛ Validating example.wlk","timeElapsed":1577,"timestamp":"2025-09-14T13:44:13.494Z"}
{"level":"info","message":"⌛ Validating example.wlk","timeElapsed":1070,"timestamp":"2025-09-14T13:44:14.571Z"}
{"level":"info","message":"⌛ Building environment","timeElapsed":538,"timestamp":"2025-09-14T13:44:16.265Z"}
{"level":"info","message":"⌛ Building environment","timeElapsed":599,"timestamp":"2025-09-14T13:44:16.981Z"}
{"level":"info","message":"⌛ Building environment","timeElapsed":615,"timestamp":"2025-09-14T13:44:18.087Z"}
{"level":"info","message":"⌛ Validating pgmProgram.wpgm","timeElapsed":695,"timestamp":"2025-09-14T13:44:18.873Z"}
{"level":"info","message":"⌛ Validating pgmProgram.wpgm","timeElapsed":663,"timestamp":"2025-09-14T13:44:19.550Z"}
{"level":"info","message":"⌛ Validating pgmProgram.wpgm","timeElapsed":688,"timestamp":"2025-09-14T13:44:20.239Z"}
{"level":"info","message":"⌛ Building environment","timeElapsed":956,"timestamp":"2025-09-14T13:44:26.686Z"}
{"level":"info","message":"⌛ Validating pgmProgram.wpgm","timeElapsed":681,"timestamp":"2025-09-14T13:44:27.618Z"}
{"level":"info","message":"⌛ Building environment","timeElapsed":628,"timestamp":"2025-09-14T13:44:28.750Z"}
{"level":"info","message":"⌛ Validating pgmProgram.wpgm","timeElapsed":768,"timestamp":"2025-09-14T13:44:29.575Z"}
{"level":"info","message":"⌛ Building environment","timeElapsed":539,"timestamp":"2025-09-14T13:44:33.351Z"}
{"level":"info","message":"⌛ Validating pgmProgram.wpgm","timeElapsed":745,"timestamp":"2025-09-14T13:44:34.209Z"}
{"level":"info","message":"⌛ Building environment","timeElapsed":595,"timestamp":"2025-09-14T13:44:35.988Z"}
{"level":"info","message":"⌛ Validating pgmProgram.wpgm","timeElapsed":851,"timestamp":"2025-09-14T13:44:36.906Z"}
{"level":"info","message":"⌛ Building environment","timeElapsed":647,"timestamp":"2025-09-14T13:44:39.806Z"}
{"level":"info","message":"⌛ Validating pgmProgram.wpgm","timeElapsed":670,"timestamp":"2025-09-14T13:44:40.620Z"}
{"level":"info","message":"⌛ Building environment","timeElapsed":616,"timestamp":"2025-09-14T13:44:41.959Z"}
{"level":"info","message":"⌛ Validating pgmProgram.wpgm","timeElapsed":1072,"timestamp":"2025-09-14T13:44:43.089Z"}
{"level":"info","message":"⌛ Building environment","timeElapsed":1235,"timestamp":"2025-09-14T13:44:44.354Z"}
{"level":"info","message":"⌛ Validating pgmProgram.wpgm","timeElapsed":742,"timestamp":"2025-09-14T13:44:45.486Z"}
{"level":"info","message":"⌛ Building environment","timeElapsed":592,"timestamp":"2025-09-14T13:44:46.093Z"}
{"level":"info","message":"⌛ Validating pgmProgram.wpgm","timeElapsed":616,"timestamp":"2025-09-14T13:44:46.775Z"}
{"level":"info","message":"🚀 Program executed \u001b[3m\u001b[34mpgmProgram.pacmanGame\u001b[39m\u001b[23m on \u001b[3m\u001b[34mc:\\Users\\Andrea\\Desktop\\Programacion con obj1\\pacmanbasicgame-pabloandino0804-bit\u001b[39m\u001b[23m","ok":true,"timeElapsed":4376,"timestamp":"2025-09-14T13:45:22.533Z"}
{"level":"info","message":"⌛ Building environment","timeElapsed":767,"timestamp":"2025-09-14T13:45:42.190Z"}
{"level":"info","message":"⌛ Building environment","timeElapsed":2250,"timestamp":"2025-09-14T13:45:44.459Z"}
{"level":"info","message":"⌛ Validating example.wlk","timeElapsed":1682,"timestamp":"2025-09-14T13:45:46.224Z"}
{"level":"info","message":"⌛ Building environment","timeElapsed":1283,"timestamp":"2025-09-14T13:45:47.511Z"}
{"level":"info","message":"⌛ Autocomplete - Singleton","timeElapsed":232,"timestamp":"2025-09-14T13:45:47.745Z"}
{"level":"info","message":"⌛ Building environment","timeElapsed":953,"timestamp":"2025-09-14T13:45:48.705Z"}
{"level":"info","message":"⌛ Building environment","timeElapsed":983,"timestamp":"2025-09-14T13:45:49.693Z"}
{"level":"info","message":"⌛ Building environment","timeElapsed":531,"timestamp":"2025-09-14T13:45:50.275Z"}
{"level":"info","message":"⌛ Building environment","timeElapsed":507,"timestamp":"2025-09-14T13:45:50.877Z"}
{"level":"error","message":"✘ Failed to rebuild document Failed to parse example.wlk: \n-- PARSING FAILED --------------------------------------------------\n\n  22 | \n  23 | \tmethod\n> 24 | }\n     | ^\n  25 | \n  26 | object cherry {\n\nExpected one of the following: \n\n'!=', '!==', '%', '&&', '*', '**', '+', '-', '->', '..', '..<', '/', '<', '<<', '<<<', '<=', '<=>', '<>', '==', '===', '>', '>..', '>=', '>>', '>>>', '?:', 'and', 'invert', 'negate', 'or', 'plus', '||', identifier, whitespace\n","stack":"Error: Failed to parse example.wlk: \n-- PARSING FAILED --------------------------------------------------\n\n  22 | \n  23 | \tmethod\n> 24 | }\n     | ^\n  25 | \n  26 | object cherry {\n\nExpected one of the following: \n\n'!=', '!==', '%', '&&', '*', '**', '+', '-', '->', '..', '..<', '/', '<', '<<', '<<<', '<=', '<=>', '<>', '==', '===', '>', '>..', '>=', '>>', '>>>', '?:', 'and', 'invert', 'negate', 'or', 'plus', '||', identifier, whitespace\n\n    at c:\\Users\\Andrea\\.vscode\\extensions\\uqbar.wollok-lsp-ide-0.5.3\\out\\server\\src\\server.js:2348:13026\n    at Array.map (<anonymous>)\n    at W1n (c:\\Users\\Andrea\\.vscode\\extensions\\uqbar.wollok-lsp-ide-0.5.3\\out\\server\\src\\server.js:2348:12950)\n    at U2.buildEnvironmentFrom (c:\\Users\\Andrea\\.vscode\\extensions\\uqbar.wollok-lsp-ide-0.5.3\\out\\server\\src\\server.js:2393:5254)\n    at U2.updateEnvironmentWith (c:\\Users\\Andrea\\.vscode\\extensions\\uqbar.wollok-lsp-ide-0.5.3\\out\\server\\src\\server.js:2393:4989)\n    at JF (c:\\Users\\Andrea\\.vscode\\extensions\\uqbar.wollok-lsp-ide-0.5.3\\out\\server\\src\\server.js:2393:7383)\n    at F3.invoke (c:\\Users\\Andrea\\.vscode\\extensions\\uqbar.wollok-lsp-ide-0.5.3\\out\\server\\src\\server.js:3:157334)\n    at o.fire (c:\\Users\\Andrea\\.vscode\\extensions\\uqbar.wollok-lsp-ide-0.5.3\\out\\server\\src\\server.js:3:158104)\n    at c:\\Users\\Andrea\\.vscode\\extensions\\uqbar.wollok-lsp-ide-0.5.3\\out\\server\\src\\server.js:37:57871\n    at Zr (c:\\Users\\Andrea\\.vscode\\extensions\\uqbar.wollok-lsp-ide-0.5.3\\out\\server\\src\\server.js:8:1561)","timestamp":"2025-09-14T13:45:51.275Z"}
{"level":"error","message":"✘ Failed to rebuild document Failed to parse example.wlk: \n-- PARSING FAILED --------------------------------------------------\n\n  22 | \n  23 | \tmethod \n> 24 | }\n     | ^\n  25 | \n  26 | object cherry {\n\nExpected one of the following: \n\n'!=', '!==', '%', '&&', '*', '**', '+', '-', '->', '..', '..<', '/', '<', '<<', '<<<', '<=', '<=>', '<>', '==', '===', '>', '>..', '>=', '>>', '>>>', '?:', 'and', 'invert', 'negate', 'or', 'plus', '||', identifier, whitespace\n","stack":"Error: Failed to parse example.wlk: \n-- PARSING FAILED --------------------------------------------------\n\n  22 | \n  23 | \tmethod \n> 24 | }\n     | ^\n  25 | \n  26 | object cherry {\n\nExpected one of the following: \n\n'!=', '!==', '%', '&&', '*', '**', '+', '-', '->', '..', '..<', '/', '<', '<<', '<<<', '<=', '<=>', '<>', '==', '===', '>', '>..', '>=', '>>', '>>>', '?:', 'and', 'invert', 'negate', 'or', 'plus', '||', identifier, whitespace\n\n    at c:\\Users\\Andrea\\.vscode\\extensions\\uqbar.wollok-lsp-ide-0.5.3\\out\\server\\src\\server.js:2348:13026\n    at Array.map (<anonymous>)\n    at W1n (c:\\Users\\Andrea\\.vscode\\extensions\\uqbar.wollok-lsp-ide-0.5.3\\out\\server\\src\\server.js:2348:12950)\n    at U2.buildEnvironmentFrom (c:\\Users\\Andrea\\.vscode\\extensions\\uqbar.wollok-lsp-ide-0.5.3\\out\\server\\src\\server.js:2393:5254)\n    at U2.updateEnvironmentWith (c:\\Users\\Andrea\\.vscode\\extensions\\uqbar.wollok-lsp-ide-0.5.3\\out\\server\\src\\server.js:2393:4989)\n    at JF (c:\\Users\\Andrea\\.vscode\\extensions\\uqbar.wollok-lsp-ide-0.5.3\\out\\server\\src\\server.js:2393:7383)\n    at F3.invoke (c:\\Users\\Andrea\\.vscode\\extensions\\uqbar.wollok-lsp-ide-0.5.3\\out\\server\\src\\server.js:3:157334)\n    at o.fire (c:\\Users\\Andrea\\.vscode\\extensions\\uqbar.wollok-lsp-ide-0.5.3\\out\\server\\src\\server.js:3:158104)\n    at c:\\Users\\Andrea\\.vscode\\extensions\\uqbar.wollok-lsp-ide-0.5.3\\out\\server\\src\\server.js:37:57871\n    at Zr (c:\\Users\\Andrea\\.vscode\\extensions\\uqbar.wollok-lsp-ide-0.5.3\\out\\server\\src\\server.js:8:1561)","timestamp":"2025-09-14T13:45:53.345Z"}
{"level":"info","message":"⌛ Building environment","timeElapsed":615,"timestamp":"2025-09-14T13:45:53.976Z"}
{"level":"info","message":"⌛ Validating example.wlk","timeElapsed":867,"timestamp":"2025-09-14T13:45:54.909Z"}
{"level":"info","message":"⌛ Building environment","timeElapsed":777,"timestamp":"2025-09-14T13:45:55.688Z"}
{"level":"info","message":"⌛ Building environment","timeElapsed":548,"timestamp":"2025-09-14T13:45:56.312Z"}
{"level":"info","message":"⌛ Building environment","timeElapsed":600,"timestamp":"2025-09-14T13:45:56.937Z"}
{"level":"info","message":"⌛ Building environment","timeElapsed":963,"timestamp":"2025-09-14T13:45:57.907Z"}
{"level":"info","message":"⌛ Building environment","timeElapsed":664,"timestamp":"2025-09-14T13:45:58.574Z"}
{"level":"info","message":"⌛ Building environment","timeElapsed":1281,"timestamp":"2025-09-14T13:45:59.890Z"}
{"level":"info","message":"⌛ Building environment","timeElapsed":537,"timestamp":"2025-09-14T13:46:00.546Z"}
{"level":"info","message":"⌛ Building environment","timeElapsed":445,"timestamp":"2025-09-14T13:46:01.108Z"}
{"level":"info","message":"⌛ Building environment","timeElapsed":711,"timestamp":"2025-09-14T13:46:01.908Z"}
{"level":"info","message":"⌛ Building environment","timeElapsed":547,"timestamp":"2025-09-14T13:46:02.624Z"}
{"level":"info","message":"⌛ Building environment","timeElapsed":541,"timestamp":"2025-09-14T13:46:03.224Z"}
{"level":"info","message":"⌛ Building environment","timeElapsed":648,"timestamp":"2025-09-14T13:46:03.877Z"}
{"level":"info","message":"⌛ Building environment","timeElapsed":753,"timestamp":"2025-09-14T13:46:04.644Z"}
{"level":"info","message":"⌛ Validating example.wlk","timeElapsed":908,"timestamp":"2025-09-14T13:46:05.563Z"}
{"level":"info","message":"⌛ Building environment","timeElapsed":502,"timestamp":"2025-09-14T13:46:06.154Z"}
{"level":"info","message":"⌛ Autocomplete - Method","timeElapsed":134,"timestamp":"2025-09-14T13:46:06.375Z"}
{"level":"info","message":"⌛ Building environment","timeElapsed":522,"timestamp":"2025-09-14T13:46:06.914Z"}
{"level":"info","message":"⌛ Building environment","timeElapsed":533,"timestamp":"2025-09-14T13:46:07.545Z"}
{"level":"info","message":"⌛ Building environment","timeElapsed":563,"timestamp":"2025-09-14T13:46:08.126Z"}
{"level":"info","message":"⌛ Building environment","timeElapsed":586,"timestamp":"2025-09-14T13:46:08.724Z"}
{"level":"info","message":"⌛ Validating example.wlk","timeElapsed":864,"timestamp":"2025-09-14T13:46:09.592Z"}
{"level":"info","message":"⌛ Validating example.wlk","timeElapsed":847,"timestamp":"2025-09-14T13:46:10.494Z"}
{"level":"info","message":"⌛ Validating example.wlk","timeElapsed":784,"timestamp":"2025-09-14T13:46:11.292Z"}
{"level":"info","message":"⌛ Building environment","timeElapsed":518,"timestamp":"2025-09-14T13:46:11.821Z"}
{"level":"info","message":"⌛ Validating example.wlk","timeElapsed":800,"timestamp":"2025-09-14T13:46:12.626Z"}
{"level":"info","message":"⌛ Building environment","timeElapsed":528,"timestamp":"2025-09-14T13:46:13.242Z"}
{"level":"info","message":"⌛ Building environment","timeElapsed":492,"timestamp":"2025-09-14T13:46:13.739Z"}
{"level":"info","message":"⌛ Building environment","timeElapsed":442,"timestamp":"2025-09-14T13:46:14.309Z"}
{"level":"info","message":"⌛ Validating example.wlk","timeElapsed":772,"timestamp":"2025-09-14T13:46:15.229Z"}
{"level":"info","message":"⌛ Building environment","timeElapsed":482,"timestamp":"2025-09-14T13:46:15.723Z"}
{"level":"info","message":"⌛ Autocomplete - Reference","timeElapsed":130,"timestamp":"2025-09-14T13:46:15.946Z"}
{"level":"info","message":"⌛ Building environment","timeElapsed":459,"timestamp":"2025-09-14T13:46:16.412Z"}
{"level":"info","message":"⌛ Validating example.wlk","timeElapsed":828,"timestamp":"2025-09-14T13:46:17.408Z"}
{"level":"info","message":"⌛ Validating example.wlk","timeElapsed":844,"timestamp":"2025-09-14T13:46:18.453Z"}
{"level":"info","message":"⌛ Validating example.wlk","timeElapsed":757,"timestamp":"2025-09-14T13:46:19.223Z"}
{"level":"info","message":"⌛ Validating example.wlk","timeElapsed":821,"timestamp":"2025-09-14T13:46:20.046Z"}
{"level":"info","message":"⌛ Validating example.wlk","timeElapsed":837,"timestamp":"2025-09-14T13:46:20.906Z"}
{"level":"info","message":"⌛ Validating example.wlk","timeElapsed":898,"timestamp":"2025-09-14T13:46:21.806Z"}
{"level":"info","message":"⌛ Validating example.wlk","timeElapsed":891,"timestamp":"2025-09-14T13:46:22.707Z"}
{"level":"info","message":"⌛ Validating example.wlk","timeElapsed":915,"timestamp":"2025-09-14T13:46:23.627Z"}
{"level":"info","message":"⌛ Validating example.wlk","timeElapsed":828,"timestamp":"2025-09-14T13:46:24.458Z"}
{"level":"info","message":"⌛ Validating example.wlk","timeElapsed":923,"timestamp":"2025-09-14T13:46:25.412Z"}
{"level":"info","message":"⌛ Validating example.wlk","timeElapsed":771,"timestamp":"2025-09-14T13:46:26.242Z"}
{"level":"info","message":"⌛ Validating example.wlk","timeElapsed":879,"timestamp":"2025-09-14T13:46:27.123Z"}
{"level":"info","message":"⌛ Validating example.wlk","timeElapsed":749,"timestamp":"2025-09-14T13:46:27.873Z"}
{"level":"info","message":"⌛ Validating example.wlk","timeElapsed":1247,"timestamp":"2025-09-14T13:46:29.458Z"}
{"level":"info","message":"⌛ Validating example.wlk","timeElapsed":1221,"timestamp":"2025-09-14T13:46:30.694Z"}
{"level":"info","message":"⌛ Validating example.wlk","timeElapsed":754,"timestamp":"2025-09-14T13:46:31.462Z"}
{"level":"info","message":"⌛ Validating example.wlk","timeElapsed":765,"timestamp":"2025-09-14T13:46:32.253Z"}
{"level":"info","message":"⌛ Validating example.wlk","timeElapsed":766,"timestamp":"2025-09-14T13:46:33.023Z"}
{"level":"info","message":"⌛ Validating example.wlk","timeElapsed":753,"timestamp":"2025-09-14T13:46:33.841Z"}
{"level":"info","message":"⌛ Validating example.wlk","timeElapsed":721,"timestamp":"2025-09-14T13:46:34.579Z"}
{"level":"info","message":"⌛ Validating example.wlk","timeElapsed":802,"timestamp":"2025-09-14T13:46:35.393Z"}
{"level":"info","message":"⌛ Validating example.wlk","timeElapsed":797,"timestamp":"2025-09-14T13:46:36.206Z"}
{"level":"info","message":"⌛ Validating example.wlk","timeElapsed":712,"timestamp":"2025-09-14T13:46:36.943Z"}
{"level":"info","message":"⌛ Validating example.wlk","timeElapsed":796,"timestamp":"2025-09-14T13:46:37.740Z"}
{"level":"info","message":"⌛ Building environment","timeElapsed":879,"timestamp":"2025-09-14T13:49:05.026Z"}
{"level":"info","message":"⌛ Validating example.wlk","timeElapsed":984,"timestamp":"2025-09-14T13:49:06.528Z"}
{"level":"info","message":"⌛ Building environment","timeElapsed":642,"timestamp":"2025-09-14T13:49:07.195Z"}
{"level":"info","message":"⌛ Validating example.wlk","timeElapsed":790,"timestamp":"2025-09-14T13:49:08.053Z"}
{"level":"info","message":"⌛ Building environment","timeElapsed":868,"timestamp":"2025-09-14T13:49:11.144Z"}
{"level":"info","message":"⌛ Building environment","timeElapsed":870,"timestamp":"2025-09-14T13:49:12.132Z"}
{"level":"info","message":"⌛ Validating example.wlk","timeElapsed":949,"timestamp":"2025-09-14T13:49:13.178Z"}
{"level":"info","message":"⌛ Validating example.wlk","timeElapsed":816,"timestamp":"2025-09-14T13:49:14.028Z"}
{"level":"info","message":"⌛ Building environment","timeElapsed":919,"timestamp":"2025-09-14T13:49:19.812Z"}
{"level":"info","message":"⌛ Validating example.wlk","timeElapsed":1220,"timestamp":"2025-09-14T13:49:21.177Z"}
{"level":"info","message":"⌛ Building environment","timeElapsed":1548,"timestamp":"2025-09-14T13:49:23.346Z"}
{"level":"info","message":"⌛ Validating example.wlk","timeElapsed":1016,"timestamp":"2025-09-14T13:49:24.430Z"}
{"level":"info","message":"⌛ Building environment","timeElapsed":705,"timestamp":"2025-09-14T13:49:25.169Z"}
{"level":"info","message":"⌛ Building environment","timeElapsed":799,"timestamp":"2025-09-14T13:49:26.029Z"}
{"level":"info","message":"⌛ Autocomplete - Reference","timeElapsed":145,"timestamp":"2025-09-14T13:49:26.294Z"}
{"level":"info","message":"⌛ Validating example.wlk","timeElapsed":1039,"timestamp":"2025-09-14T13:49:27.334Z"}
{"level":"info","message":"⌛ Building environment","timeElapsed":465,"timestamp":"2025-09-14T13:49:27.814Z"}
{"level":"info","message":"⌛ Building environment","timeElapsed":468,"timestamp":"2025-09-14T13:49:28.350Z"}
{"level":"info","message":"⌛ Building environment","timeElapsed":448,"timestamp":"2025-09-14T13:49:28.896Z"}
{"level":"info","message":"⌛ Building environment","timeElapsed":420,"timestamp":"2025-09-14T13:49:29.463Z"}
{"level":"info","message":"⌛ Validating example.wlk","timeElapsed":759,"timestamp":"2025-09-14T13:49:30.328Z"}
{"level":"info","message":"⌛ Building environment","timeElapsed":1107,"timestamp":"2025-09-14T13:49:31.868Z"}
{"level":"info","message":"⌛ Building environment","timeElapsed":1379,"timestamp":"2025-09-14T13:49:33.282Z"}
{"level":"info","message":"⌛ Validating example.wlk","timeElapsed":1230,"timestamp":"2025-09-14T13:49:34.544Z"}
{"level":"info","message":"⌛ Validating example.wlk","timeElapsed":932,"timestamp":"2025-09-14T13:49:35.477Z"}
{"level":"info","message":"⌛ Validating example.wlk","timeElapsed":1349,"timestamp":"2025-09-14T13:49:36.848Z"}
{"level":"info","message":"⌛ Validating example.wlk","timeElapsed":1334,"timestamp":"2025-09-14T13:49:38.183Z"}
{"level":"info","message":"⌛ Validating example.wlk","timeElapsed":1265,"timestamp":"2025-09-14T13:49:39.465Z"}
{"level":"info","message":"⌛ Validating example.wlk","timeElapsed":902,"timestamp":"2025-09-14T13:49:40.664Z"}
{"level":"info","message":"⌛ Building environment","timeElapsed":724,"timestamp":"2025-09-14T13:49:41.486Z"}
{"level":"info","message":"⌛ Building environment","timeElapsed":702,"timestamp":"2025-09-14T13:49:42.834Z"}
{"level":"error","message":"✘ Completions for node Send ([28:18, 28:38] - example.wlk) failed: Error: [Send]{2b4125} at example.wlk:28 exhausted all cases without a match [Send]{2b4125} at example.wlk:28 exhausted all cases without a match","stack":"Error: [Send]{2b4125} at example.wlk:28 exhausted all cases without a match\n    at c:\\Users\\Andrea\\.vscode\\extensions\\uqbar.wollok-lsp-ide-0.5.3\\out\\server\\src\\server.js:38:6142\n    at D2 (c:\\Users\\Andrea\\.vscode\\extensions\\uqbar.wollok-lsp-ide-0.5.3\\out\\server\\src\\server.js:2384:42)\n    at c:\\Users\\Andrea\\.vscode\\extensions\\uqbar.wollok-lsp-ide-0.5.3\\out\\server\\src\\server.js:2384:2988\n    at c:\\Users\\Andrea\\.vscode\\extensions\\uqbar.wollok-lsp-ide-0.5.3\\out\\server\\src\\server.js:2393:8440\n    at c:\\Users\\Andrea\\.vscode\\extensions\\uqbar.wollok-lsp-ide-0.5.3\\out\\server\\src\\server.js:37:74872\n    at Ye (c:\\Users\\Andrea\\.vscode\\extensions\\uqbar.wollok-lsp-ide-0.5.3\\out\\server\\src\\server.js:7:8527)\n    at qt (c:\\Users\\Andrea\\.vscode\\extensions\\uqbar.wollok-lsp-ide-0.5.3\\out\\server\\src\\server.js:7:6189)\n    at ot (c:\\Users\\Andrea\\.vscode\\extensions\\uqbar.wollok-lsp-ide-0.5.3\\out\\server\\src\\server.js:7:6378)\n    at Immediate._onImmediate (c:\\Users\\Andrea\\.vscode\\extensions\\uqbar.wollok-lsp-ide-0.5.3\\out\\server\\src\\server.js:7:6142)\n    at process.processImmediate (node:internal/timers:485:21)","timestamp":"2025-09-14T13:49:43.103Z"}
{"level":"error","message":"✘ Completions for node Send ([28:4, 28:39] - example.wlk) failed: Error: [Send]{bcc700} at example.wlk:28 exhausted all cases without a match [Send]{bcc700} at example.wlk:28 exhausted all cases without a match","stack":"Error: [Send]{bcc700} at example.wlk:28 exhausted all cases without a match\n    at c:\\Users\\Andrea\\.vscode\\extensions\\uqbar.wollok-lsp-ide-0.5.3\\out\\server\\src\\server.js:38:6142\n    at D2 (c:\\Users\\Andrea\\.vscode\\extensions\\uqbar.wollok-lsp-ide-0.5.3\\out\\server\\src\\server.js:2384:42)\n    at Qh (c:\\Users\\Andrea\\.vscode\\extensions\\uqbar.wollok-lsp-ide-0.5.3\\out\\server\\src\\server.js:2384:1092)\n    at D2 (c:\\Users\\Andrea\\.vscode\\extensions\\uqbar.wollok-lsp-ide-0.5.3\\out\\server\\src\\server.js:2384:544)\n    at c:\\Users\\Andrea\\.vscode\\extensions\\uqbar.wollok-lsp-ide-0.5.3\\out\\server\\src\\server.js:2384:2988\n    at c:\\Users\\Andrea\\.vscode\\extensions\\uqbar.wollok-lsp-ide-0.5.3\\out\\server\\src\\server.js:2393:8440\n    at c:\\Users\\Andrea\\.vscode\\extensions\\uqbar.wollok-lsp-ide-0.5.3\\out\\server\\src\\server.js:37:74872\n    at Ye (c:\\Users\\Andrea\\.vscode\\extensions\\uqbar.wollok-lsp-ide-0.5.3\\out\\server\\src\\server.js:7:8527)\n    at qt (c:\\Users\\Andrea\\.vscode\\extensions\\uqbar.wollok-lsp-ide-0.5.3\\out\\server\\src\\server.js:7:6189)\n    at ot (c:\\Users\\Andrea\\.vscode\\extensions\\uqbar.wollok-lsp-ide-0.5.3\\out\\server\\src\\server.js:7:6378)","timestamp":"2025-09-14T13:49:43.111Z"}
{"level":"error","message":"✘ Completions for node If ([24:3, 29:4] - example.wlk) failed: Error: [If]{88114a} at example.wlk:24 exhausted all cases without a match [If]{88114a} at example.wlk:24 exhausted all cases without a match","stack":"Error: [If]{88114a} at example.wlk:24 exhausted all cases without a match\n    at c:\\Users\\Andrea\\.vscode\\extensions\\uqbar.wollok-lsp-ide-0.5.3\\out\\server\\src\\server.js:38:6142\n    at D2 (c:\\Users\\Andrea\\.vscode\\extensions\\uqbar.wollok-lsp-ide-0.5.3\\out\\server\\src\\server.js:2384:42)\n    at Qh (c:\\Users\\Andrea\\.vscode\\extensions\\uqbar.wollok-lsp-ide-0.5.3\\out\\server\\src\\server.js:2384:1092)\n    at v6n (c:\\Users\\Andrea\\.vscode\\extensions\\uqbar.wollok-lsp-ide-0.5.3\\out\\server\\src\\server.js:2384:818)\n    at c:\\Users\\Andrea\\.vscode\\extensions\\uqbar.wollok-lsp-ide-0.5.3\\out\\server\\src\\server.js:38:6131\n    at D2 (c:\\Users\\Andrea\\.vscode\\extensions\\uqbar.wollok-lsp-ide-0.5.3\\out\\server\\src\\server.js:2384:42)\n    at Qh (c:\\Users\\Andrea\\.vscode\\extensions\\uqbar.wollok-lsp-ide-0.5.3\\out\\server\\src\\server.js:2384:1092)\n    at D2 (c:\\Users\\Andrea\\.vscode\\extensions\\uqbar.wollok-lsp-ide-0.5.3\\out\\server\\src\\server.js:2384:544)\n    at Qh (c:\\Users\\Andrea\\.vscode\\extensions\\uqbar.wollok-lsp-ide-0.5.3\\out\\server\\src\\server.js:2384:1092)\n    at D2 (c:\\Users\\Andrea\\.vscode\\extensions\\uqbar.wollok-lsp-ide-0.5.3\\out\\server\\src\\server.js:2384:544)","timestamp":"2025-09-14T13:49:43.112Z"}
{"level":"info","message":"⌛ Autocomplete - Send","timeElapsed":266,"timestamp":"2025-09-14T13:49:43.127Z"}
{"level":"info","message":"⌛ Building environment","timeElapsed":619,"timestamp":"2025-09-14T13:49:43.749Z"}
{"level":"info","message":"⌛ Building environment","timeElapsed":902,"timestamp":"2025-09-14T13:49:44.664Z"}
{"level":"info","message":"⌛ Building environment","timeElapsed":467,"timestamp":"2025-09-14T13:49:45.134Z"}
{"level":"info","message":"⌛ Building environment","timeElapsed":584,"timestamp":"2025-09-14T13:49:45.885Z"}
{"level":"info","message":"⌛ Building environment","timeElapsed":635,"timestamp":"2025-09-14T13:49:46.651Z"}
{"level":"info","message":"⌛ Building environment","timeElapsed":1178,"timestamp":"2025-09-14T13:49:47.982Z"}
{"level":"info","message":"⌛ Building environment","timeElapsed":534,"timestamp":"2025-09-14T13:49:48.781Z"}
{"level":"info","message":"⌛ Validating example.wlk","timeElapsed":826,"timestamp":"2025-09-14T13:49:49.694Z"}
{"level":"info","message":"⌛ Validating example.wlk","timeElapsed":989,"timestamp":"2025-09-14T13:49:50.943Z"}
{"level":"info","message":"⌛ Validating example.wlk","timeElapsed":1710,"timestamp":"2025-09-14T13:49:52.670Z"}
{"level":"info","message":"⌛ Validating example.wlk","timeElapsed":823,"timestamp":"2025-09-14T13:49:53.516Z"}
{"level":"info","message":"⌛ Validating example.wlk","timeElapsed":1052,"timestamp":"2025-09-14T13:49:54.581Z"}
{"level":"info","message":"⌛ Building environment","timeElapsed":754,"timestamp":"2025-09-14T13:49:55.347Z"}
{"level":"info","message":"⌛ Validating example.wlk","timeElapsed":1909,"timestamp":"2025-09-14T13:49:57.379Z"}
{"level":"info","message":"⌛ Building environment","timeElapsed":672,"timestamp":"2025-09-14T13:49:58.053Z"}
{"level":"info","message":"⌛ Validating example.wlk","timeElapsed":996,"timestamp":"2025-09-14T13:49:59.080Z"}
{"level":"info","message":"⌛ Validating example.wlk","timeElapsed":817,"timestamp":"2025-09-14T13:49:59.900Z"}
{"level":"info","message":"⌛ Validating example.wlk","timeElapsed":861,"timestamp":"2025-09-14T13:50:00.768Z"}
{"level":"info","message":"⌛ Building environment","timeElapsed":499,"timestamp":"2025-09-14T13:50:01.820Z"}
{"level":"info","message":"⌛ Validating example.wlk","timeElapsed":814,"timestamp":"2025-09-14T13:50:02.647Z"}
{"level":"info","message":"⌛ Validating example.wlk","timeElapsed":763,"timestamp":"2025-09-14T13:50:04.445Z"}
{"level":"info","message":"⌛ Validating example.wlk","timeElapsed":917,"timestamp":"2025-09-14T13:50:06.436Z"}
{"level":"info","message":"⌛ Building environment","timeElapsed":1598,"timestamp":"2025-09-14T13:50:10.563Z"}
{"level":"info","message":"⌛ Validating example.wlk","timeElapsed":1003,"timestamp":"2025-09-14T13:50:11.636Z"}
{"level":"info","message":"⌛ Building environment","timeElapsed":1260,"timestamp":"2025-09-14T13:50:16.464Z"}
{"level":"info","message":"⌛ Validating example.wlk","timeElapsed":809,"timestamp":"2025-09-14T13:50:17.313Z"}
{"level":"info","message":"⌛ Building environment","timeElapsed":1167,"timestamp":"2025-09-14T13:50:19.384Z"}
{"level":"error","message":"✘ Completions for node Send ([25:18, 25:48] - example.wlk) failed: Error: [Send]{e360a4} at example.wlk:25 exhausted all cases without a match [Send]{e360a4} at example.wlk:25 exhausted all cases without a match","stack":"Error: [Send]{e360a4} at example.wlk:25 exhausted all cases without a match\n    at c:\\Users\\Andrea\\.vscode\\extensions\\uqbar.wollok-lsp-ide-0.5.3\\out\\server\\src\\server.js:38:6142\n    at D2 (c:\\Users\\Andrea\\.vscode\\extensions\\uqbar.wollok-lsp-ide-0.5.3\\out\\server\\src\\server.js:2384:42)\n    at Qh (c:\\Users\\Andrea\\.vscode\\extensions\\uqbar.wollok-lsp-ide-0.5.3\\out\\server\\src\\server.js:2384:1092)\n    at k6n (c:\\Users\\Andrea\\.vscode\\extensions\\uqbar.wollok-lsp-ide-0.5.3\\out\\server\\src\\server.js:2384:1248)\n    at c:\\Users\\Andrea\\.vscode\\extensions\\uqbar.wollok-lsp-ide-0.5.3\\out\\server\\src\\server.js:38:6131\n    at D2 (c:\\Users\\Andrea\\.vscode\\extensions\\uqbar.wollok-lsp-ide-0.5.3\\out\\server\\src\\server.js:2384:42)\n    at c:\\Users\\Andrea\\.vscode\\extensions\\uqbar.wollok-lsp-ide-0.5.3\\out\\server\\src\\server.js:2384:2988\n    at c:\\Users\\Andrea\\.vscode\\extensions\\uqbar.wollok-lsp-ide-0.5.3\\out\\server\\src\\server.js:2393:8440\n    at c:\\Users\\Andrea\\.vscode\\extensions\\uqbar.wollok-lsp-ide-0.5.3\\out\\server\\src\\server.js:37:74872\n    at Ye (c:\\Users\\Andrea\\.vscode\\extensions\\uqbar.wollok-lsp-ide-0.5.3\\out\\server\\src\\server.js:7:8527)","timestamp":"2025-09-14T13:50:19.631Z"}
{"level":"error","message":"✘ Completions for node Send ([25:4, 25:49] - example.wlk) failed: Error: [Send]{31fd04} at example.wlk:25 exhausted all cases without a match [Send]{31fd04} at example.wlk:25 exhausted all cases without a match","stack":"Error: [Send]{31fd04} at example.wlk:25 exhausted all cases without a match\n    at c:\\Users\\Andrea\\.vscode\\extensions\\uqbar.wollok-lsp-ide-0.5.3\\out\\server\\src\\server.js:38:6142\n    at D2 (c:\\Users\\Andrea\\.vscode\\extensions\\uqbar.wollok-lsp-ide-0.5.3\\out\\server\\src\\server.js:2384:42)\n    at Qh (c:\\Users\\Andrea\\.vscode\\extensions\\uqbar.wollok-lsp-ide-0.5.3\\out\\server\\src\\server.js:2384:1092)\n    at D2 (c:\\Users\\Andrea\\.vscode\\extensions\\uqbar.wollok-lsp-ide-0.5.3\\out\\server\\src\\server.js:2384:544)\n    at Qh (c:\\Users\\Andrea\\.vscode\\extensions\\uqbar.wollok-lsp-ide-0.5.3\\out\\server\\src\\server.js:2384:1092)\n    at k6n (c:\\Users\\Andrea\\.vscode\\extensions\\uqbar.wollok-lsp-ide-0.5.3\\out\\server\\src\\server.js:2384:1248)\n    at c:\\Users\\Andrea\\.vscode\\extensions\\uqbar.wollok-lsp-ide-0.5.3\\out\\server\\src\\server.js:38:6131\n    at D2 (c:\\Users\\Andrea\\.vscode\\extensions\\uqbar.wollok-lsp-ide-0.5.3\\out\\server\\src\\server.js:2384:42)\n    at c:\\Users\\Andrea\\.vscode\\extensions\\uqbar.wollok-lsp-ide-0.5.3\\out\\server\\src\\server.js:2384:2988\n    at c:\\Users\\Andrea\\.vscode\\extensions\\uqbar.wollok-lsp-ide-0.5.3\\out\\server\\src\\server.js:2393:8440","timestamp":"2025-09-14T13:50:19.632Z"}
{"level":"error","message":"✘ Completions for node If ([24:3, 29:4] - example.wlk) failed: Error: [If]{5f21b9} at example.wlk:24 exhausted all cases without a match [If]{5f21b9} at example.wlk:24 exhausted all cases without a match","stack":"Error: [If]{5f21b9} at example.wlk:24 exhausted all cases without a match\n    at c:\\Users\\Andrea\\.vscode\\extensions\\uqbar.wollok-lsp-ide-0.5.3\\out\\server\\src\\server.js:38:6142\n    at D2 (c:\\Users\\Andrea\\.vscode\\extensions\\uqbar.wollok-lsp-ide-0.5.3\\out\\server\\src\\server.js:2384:42)\n    at Qh (c:\\Users\\Andrea\\.vscode\\extensions\\uqbar.wollok-lsp-ide-0.5.3\\out\\server\\src\\server.js:2384:1092)\n    at v6n (c:\\Users\\Andrea\\.vscode\\extensions\\uqbar.wollok-lsp-ide-0.5.3\\out\\server\\src\\server.js:2384:818)\n    at c:\\Users\\Andrea\\.vscode\\extensions\\uqbar.wollok-lsp-ide-0.5.3\\out\\server\\src\\server.js:38:6131\n    at D2 (c:\\Users\\Andrea\\.vscode\\extensions\\uqbar.wollok-lsp-ide-0.5.3\\out\\server\\src\\server.js:2384:42)\n    at Qh (c:\\Users\\Andrea\\.vscode\\extensions\\uqbar.wollok-lsp-ide-0.5.3\\out\\server\\src\\server.js:2384:1092)\n    at D2 (c:\\Users\\Andrea\\.vscode\\extensions\\uqbar.wollok-lsp-ide-0.5.3\\out\\server\\src\\server.js:2384:544)\n    at Qh (c:\\Users\\Andrea\\.vscode\\extensions\\uqbar.wollok-lsp-ide-0.5.3\\out\\server\\src\\server.js:2384:1092)\n    at D2 (c:\\Users\\Andrea\\.vscode\\extensions\\uqbar.wollok-lsp-ide-0.5.3\\out\\server\\src\\server.js:2384:544)","timestamp":"2025-09-14T13:50:19.633Z"}
{"level":"info","message":"⌛ Autocomplete - Reference","timeElapsed":226,"timestamp":"2025-09-14T13:50:19.646Z"}
{"level":"info","message":"⌛ Building environment","timeElapsed":549,"timestamp":"2025-09-14T13:50:20.253Z"}
{"level":"info","message":"⌛ Building environment","timeElapsed":468,"timestamp":"2025-09-14T13:50:20.851Z"}
{"level":"info","message":"⌛ Building environment","timeElapsed":708,"timestamp":"2025-09-14T13:50:21.646Z"}
{"level":"info","message":"⌛ Building environment","timeElapsed":847,"timestamp":"2025-09-14T13:50:22.652Z"}
{"level":"info","message":"⌛ Building environment","timeElapsed":913,"timestamp":"2025-09-14T13:50:23.636Z"}
{"level":"info","message":"⌛ Validating example.wlk","timeElapsed":824,"timestamp":"2025-09-14T13:50:24.583Z"}
{"level":"info","message":"⌛ Validating example.wlk","timeElapsed":818,"timestamp":"2025-09-14T13:50:25.462Z"}
{"level":"info","message":"⌛ Validating example.wlk","timeElapsed":1102,"timestamp":"2025-09-14T13:50:26.565Z"}
{"level":"info","message":"⌛ Building environment","timeElapsed":616,"timestamp":"2025-09-14T13:50:27.199Z"}
{"level":"info","message":"⌛ Autocomplete - Body","timeElapsed":262,"timestamp":"2025-09-14T13:50:27.668Z"}
{"level":"info","message":"⌛ Validating example.wlk","timeElapsed":1501,"timestamp":"2025-09-14T13:50:29.238Z"}
{"level":"info","message":"⌛ Building environment","timeElapsed":1427,"timestamp":"2025-09-14T13:50:30.672Z"}
{"level":"info","message":"⌛ Building environment","timeElapsed":572,"timestamp":"2025-09-14T13:50:31.383Z"}
{"level":"info","message":"⌛ Building environment","timeElapsed":433,"timestamp":"2025-09-14T13:50:31.912Z"}
{"level":"info","message":"⌛ Building environment","timeElapsed":429,"timestamp":"2025-09-14T13:50:32.421Z"}
{"level":"info","message":"⌛ Building environment","timeElapsed":449,"timestamp":"2025-09-14T13:50:32.966Z"}
{"level":"info","message":"⌛ Validating example.wlk","timeElapsed":736,"timestamp":"2025-09-14T13:50:33.787Z"}
{"level":"info","message":"⌛ Building environment","timeElapsed":517,"timestamp":"2025-09-14T13:50:34.312Z"}
{"level":"info","message":"⌛ Validating example.wlk","timeElapsed":864,"timestamp":"2025-09-14T13:50:35.316Z"}
{"level":"info","message":"⌛ Building environment","timeElapsed":584,"timestamp":"2025-09-14T13:50:35.936Z"}
{"level":"info","message":"⌛ Building environment","timeElapsed":477,"timestamp":"2025-09-14T13:50:36.516Z"}
{"level":"info","message":"⌛ Building environment","timeElapsed":1127,"timestamp":"2025-09-14T13:50:37.772Z"}
{"level":"info","message":"⌛ Validating example.wlk","timeElapsed":718,"timestamp":"2025-09-14T13:50:38.583Z"}
{"level":"info","message":"⌛ Building environment","timeElapsed":780,"timestamp":"2025-09-14T13:50:39.470Z"}
{"level":"info","message":"⌛ Building environment","timeElapsed":535,"timestamp":"2025-09-14T13:50:40.131Z"}
{"level":"info","message":"⌛ Building environment","timeElapsed":901,"timestamp":"2025-09-14T13:50:41.150Z"}
{"level":"info","message":"⌛ Building environment","timeElapsed":990,"timestamp":"2025-09-14T13:50:42.339Z"}
{"level":"info","message":"⌛ Validating example.wlk","timeElapsed":1294,"timestamp":"2025-09-14T13:50:45.283Z"}
{"level":"info","message":"⌛ Validating example.wlk","timeElapsed":1397,"timestamp":"2025-09-14T13:50:46.683Z"}
{"level":"info","message":"⌛ Validating example.wlk","timeElapsed":915,"timestamp":"2025-09-14T13:50:47.603Z"}
{"level":"info","message":"⌛ Validating example.wlk","timeElapsed":1468,"timestamp":"2025-09-14T13:50:49.084Z"}
{"level":"info","message":"⌛ Validating example.wlk","timeElapsed":1202,"timestamp":"2025-09-14T13:50:50.317Z"}
{"level":"info","message":"⌛ Validating example.wlk","timeElapsed":1182,"timestamp":"2025-09-14T13:50:51.550Z"}
{"level":"info","message":"⌛ Validating example.wlk","timeElapsed":1125,"timestamp":"2025-09-14T13:50:52.880Z"}
{"level":"info","message":"⌛ Validating example.wlk","timeElapsed":1117,"timestamp":"2025-09-14T13:50:53.999Z"}
{"level":"info","message":"⌛ Validating example.wlk","timeElapsed":817,"timestamp":"2025-09-14T13:50:54.822Z"}
{"level":"info","message":"⌛ Validating example.wlk","timeElapsed":659,"timestamp":"2025-09-14T13:50:55.530Z"}
{"level":"info","message":"⌛ Validating example.wlk","timeElapsed":746,"timestamp":"2025-09-14T13:50:56.416Z"}
{"level":"info","message":"⌛ Validating example.wlk","timeElapsed":684,"timestamp":"2025-09-14T13:50:57.117Z"}
{"level":"info","message":"⌛ Validating example.wlk","timeElapsed":3767,"timestamp":"2025-09-14T13:51:01.120Z"}
{"level":"info","message":"⌛ Building environment","timeElapsed":1093,"timestamp":"2025-09-14T13:51:49.382Z"}
{"level":"info","message":"⌛ Building environment","timeElapsed":396,"timestamp":"2025-09-14T13:51:49.823Z"}
{"level":"error","message":"✘ Completions for node Send ([25:46, 25:59] - example.wlk) failed: Error: [Send]{adb6ea} at example.wlk:25 exhausted all cases without a match [Send]{adb6ea} at example.wlk:25 exhausted all cases without a match","stack":"Error: [Send]{adb6ea} at example.wlk:25 exhausted all cases without a match\n    at c:\\Users\\Andrea\\.vscode\\extensions\\uqbar.wollok-lsp-ide-0.5.3\\out\\server\\src\\server.js:38:6142\n    at D2 (c:\\Users\\Andrea\\.vscode\\extensions\\uqbar.wollok-lsp-ide-0.5.3\\out\\server\\src\\server.js:2384:42)\n    at c:\\Users\\Andrea\\.vscode\\extensions\\uqbar.wollok-lsp-ide-0.5.3\\out\\server\\src\\server.js:2384:2988\n    at c:\\Users\\Andrea\\.vscode\\extensions\\uqbar.wollok-lsp-ide-0.5.3\\out\\server\\src\\server.js:2393:8440\n    at c:\\Users\\Andrea\\.vscode\\extensions\\uqbar.wollok-lsp-ide-0.5.3\\out\\server\\src\\server.js:37:74872\n    at Ye (c:\\Users\\Andrea\\.vscode\\extensions\\uqbar.wollok-lsp-ide-0.5.3\\out\\server\\src\\server.js:7:8527)\n    at qt (c:\\Users\\Andrea\\.vscode\\extensions\\uqbar.wollok-lsp-ide-0.5.3\\out\\server\\src\\server.js:7:6189)\n    at ot (c:\\Users\\Andrea\\.vscode\\extensions\\uqbar.wollok-lsp-ide-0.5.3\\out\\server\\src\\server.js:7:6378)\n    at Immediate._onImmediate (c:\\Users\\Andrea\\.vscode\\extensions\\uqbar.wollok-lsp-ide-0.5.3\\out\\server\\src\\server.js:7:6142)\n    at process.processImmediate (node:internal/timers:485:21)","timestamp":"2025-09-14T13:51:50.022Z"}
{"level":"error","message":"✘ Completions for node Send ([25:46, 25:61] - example.wlk) failed: Error: [Send]{06cb79} at example.wlk:25 exhausted all cases without a match [Send]{06cb79} at example.wlk:25 exhausted all cases without a match","stack":"Error: [Send]{06cb79} at example.wlk:25 exhausted all cases without a match\n    at c:\\Users\\Andrea\\.vscode\\extensions\\uqbar.wollok-lsp-ide-0.5.3\\out\\server\\src\\server.js:38:6142\n    at D2 (c:\\Users\\Andrea\\.vscode\\extensions\\uqbar.wollok-lsp-ide-0.5.3\\out\\server\\src\\server.js:2384:42)\n    at Qh (c:\\Users\\Andrea\\.vscode\\extensions\\uqbar.wollok-lsp-ide-0.5.3\\out\\server\\src\\server.js:2384:1092)\n    at D2 (c:\\Users\\Andrea\\.vscode\\extensions\\uqbar.wollok-lsp-ide-0.5.3\\out\\server\\src\\server.js:2384:544)\n    at c:\\Users\\Andrea\\.vscode\\extensions\\uqbar.wollok-lsp-ide-0.5.3\\out\\server\\src\\server.js:2384:2988\n    at c:\\Users\\Andrea\\.vscode\\extensions\\uqbar.wollok-lsp-ide-0.5.3\\out\\server\\src\\server.js:2393:8440\n    at c:\\Users\\Andrea\\.vscode\\extensions\\uqbar.wollok-lsp-ide-0.5.3\\out\\server\\src\\server.js:37:74872\n    at Ye (c:\\Users\\Andrea\\.vscode\\extensions\\uqbar.wollok-lsp-ide-0.5.3\\out\\server\\src\\server.js:7:8527)\n    at qt (c:\\Users\\Andrea\\.vscode\\extensions\\uqbar.wollok-lsp-ide-0.5.3\\out\\server\\src\\server.js:7:6189)\n    at ot (c:\\Users\\Andrea\\.vscode\\extensions\\uqbar.wollok-lsp-ide-0.5.3\\out\\server\\src\\server.js:7:6378)","timestamp":"2025-09-14T13:51:50.024Z"}
{"level":"error","message":"✘ Completions for node Send ([25:18, 25:62] - example.wlk) failed: Error: [Send]{fb2fbb} at example.wlk:25 exhausted all cases without a match [Send]{fb2fbb} at example.wlk:25 exhausted all cases without a match","stack":"Error: [Send]{fb2fbb} at example.wlk:25 exhausted all cases without a match\n    at c:\\Users\\Andrea\\.vscode\\extensions\\uqbar.wollok-lsp-ide-0.5.3\\out\\server\\src\\server.js:38:6142\n    at D2 (c:\\Users\\Andrea\\.vscode\\extensions\\uqbar.wollok-lsp-ide-0.5.3\\out\\server\\src\\server.js:2384:42)\n    at Qh (c:\\Users\\Andrea\\.vscode\\extensions\\uqbar.wollok-lsp-ide-0.5.3\\out\\server\\src\\server.js:2384:1092)\n    at D2 (c:\\Users\\Andrea\\.vscode\\extensions\\uqbar.wollok-lsp-ide-0.5.3\\out\\server\\src\\server.js:2384:544)\n    at Qh (c:\\Users\\Andrea\\.vscode\\extensions\\uqbar.wollok-lsp-ide-0.5.3\\out\\server\\src\\server.js:2384:1092)\n    at D2 (c:\\Users\\Andrea\\.vscode\\extensions\\uqbar.wollok-lsp-ide-0.5.3\\out\\server\\src\\server.js:2384:544)\n    at c:\\Users\\Andrea\\.vscode\\extensions\\uqbar.wollok-lsp-ide-0.5.3\\out\\server\\src\\server.js:2384:2988\n    at c:\\Users\\Andrea\\.vscode\\extensions\\uqbar.wollok-lsp-ide-0.5.3\\out\\server\\src\\server.js:2393:8440\n    at c:\\Users\\Andrea\\.vscode\\extensions\\uqbar.wollok-lsp-ide-0.5.3\\out\\server\\src\\server.js:37:74872\n    at Ye (c:\\Users\\Andrea\\.vscode\\extensions\\uqbar.wollok-lsp-ide-0.5.3\\out\\server\\src\\server.js:7:8527)","timestamp":"2025-09-14T13:51:50.025Z"}
{"level":"error","message":"✘ Completions for node Send ([25:4, 25:63] - example.wlk) failed: Error: [Send]{fc3194} at example.wlk:25 exhausted all cases without a match [Send]{fc3194} at example.wlk:25 exhausted all cases without a match","stack":"Error: [Send]{fc3194} at example.wlk:25 exhausted all cases without a match\n    at c:\\Users\\Andrea\\.vscode\\extensions\\uqbar.wollok-lsp-ide-0.5.3\\out\\server\\src\\server.js:38:6142\n    at D2 (c:\\Users\\Andrea\\.vscode\\extensions\\uqbar.wollok-lsp-ide-0.5.3\\out\\server\\src\\server.js:2384:42)\n    at Qh (c:\\Users\\Andrea\\.vscode\\extensions\\uqbar.wollok-lsp-ide-0.5.3\\out\\server\\src\\server.js:2384:1092)\n    at D2 (c:\\Users\\Andrea\\.vscode\\extensions\\uqbar.wollok-lsp-ide-0.5.3\\out\\server\\src\\server.js:2384:544)\n    at Qh (c:\\Users\\Andrea\\.vscode\\extensions\\uqbar.wollok-lsp-ide-0.5.3\\out\\server\\src\\server.js:2384:1092)\n    at D2 (c:\\Users\\Andrea\\.vscode\\extensions\\uqbar.wollok-lsp-ide-0.5.3\\out\\server\\src\\server.js:2384:544)\n    at Qh (c:\\Users\\Andrea\\.vscode\\extensions\\uqbar.wollok-lsp-ide-0.5.3\\out\\server\\src\\server.js:2384:1092)\n    at D2 (c:\\Users\\Andrea\\.vscode\\extensions\\uqbar.wollok-lsp-ide-0.5.3\\out\\server\\src\\server.js:2384:544)\n    at c:\\Users\\Andrea\\.vscode\\extensions\\uqbar.wollok-lsp-ide-0.5.3\\out\\server\\src\\server.js:2384:2988\n    at c:\\Users\\Andrea\\.vscode\\extensions\\uqbar.wollok-lsp-ide-0.5.3\\out\\server\\src\\server.js:2393:8440","timestamp":"2025-09-14T13:51:50.031Z"}
{"level":"error","message":"✘ Completions for node If ([24:3, 29:4] - example.wlk) failed: Error: [If]{d77a94} at example.wlk:24 exhausted all cases without a match [If]{d77a94} at example.wlk:24 exhausted all cases without a match","stack":"Error: [If]{d77a94} at example.wlk:24 exhausted all cases without a match\n    at c:\\Users\\Andrea\\.vscode\\extensions\\uqbar.wollok-lsp-ide-0.5.3\\out\\server\\src\\server.js:38:6142\n    at D2 (c:\\Users\\Andrea\\.vscode\\extensions\\uqbar.wollok-lsp-ide-0.5.3\\out\\server\\src\\server.js:2384:42)\n    at Qh (c:\\Users\\Andrea\\.vscode\\extensions\\uqbar.wollok-lsp-ide-0.5.3\\out\\server\\src\\server.js:2384:1092)\n    at v6n (c:\\Users\\Andrea\\.vscode\\extensions\\uqbar.wollok-lsp-ide-0.5.3\\out\\server\\src\\server.js:2384:818)\n    at c:\\Users\\Andrea\\.vscode\\extensions\\uqbar.wollok-lsp-ide-0.5.3\\out\\server\\src\\server.js:38:6131\n    at D2 (c:\\Users\\Andrea\\.vscode\\extensions\\uqbar.wollok-lsp-ide-0.5.3\\out\\server\\src\\server.js:2384:42)\n    at Qh (c:\\Users\\Andrea\\.vscode\\extensions\\uqbar.wollok-lsp-ide-0.5.3\\out\\server\\src\\server.js:2384:1092)\n    at D2 (c:\\Users\\Andrea\\.vscode\\extensions\\uqbar.wollok-lsp-ide-0.5.3\\out\\server\\src\\server.js:2384:544)\n    at Qh (c:\\Users\\Andrea\\.vscode\\extensions\\uqbar.wollok-lsp-ide-0.5.3\\out\\server\\src\\server.js:2384:1092)\n    at D2 (c:\\Users\\Andrea\\.vscode\\extensions\\uqbar.wollok-lsp-ide-0.5.3\\out\\server\\src\\server.js:2384:544)","timestamp":"2025-09-14T13:51:50.032Z"}
{"level":"info","message":"⌛ Autocomplete - Send","timeElapsed":122,"timestamp":"2025-09-14T13:51:50.039Z"}
{"level":"info","message":"⌛ Validating example.wlk","timeElapsed":623,"timestamp":"2025-09-14T13:51:50.686Z"}
{"level":"info","message":"⌛ Validating example.wlk","timeElapsed":928,"timestamp":"2025-09-14T13:51:51.617Z"}
{"level":"info","message":"⌛ Building environment","timeElapsed":543,"timestamp":"2025-09-14T13:52:02.350Z"}
{"level":"info","message":"⌛ Validating example.wlk","timeElapsed":785,"timestamp":"2025-09-14T13:52:03.192Z"}
{"level":"info","message":"⌛ Building environment","timeElapsed":553,"timestamp":"2025-09-14T13:52:03.768Z"}
{"level":"info","message":"⌛ Building environment","timeElapsed":1088,"timestamp":"2025-09-14T13:52:05.109Z"}
{"level":"info","message":"⌛ Validating example.wlk","timeElapsed":945,"timestamp":"2025-09-14T13:52:06.103Z"}
{"level":"info","message":"⌛ Validating example.wlk","timeElapsed":720,"timestamp":"2025-09-14T13:52:06.870Z"}
{"level":"info","message":"⌛ Building environment","timeElapsed":693,"timestamp":"2025-09-14T13:52:09.583Z"}
{"level":"info","message":"⌛ Building environment","timeElapsed":819,"timestamp":"2025-09-14T13:52:10.405Z"}
{"level":"info","message":"⌛ Building environment","timeElapsed":526,"timestamp":"2025-09-14T13:52:10.933Z"}
{"level":"info","message":"⌛ Building environment","timeElapsed":554,"timestamp":"2025-09-14T13:52:11.583Z"}
{"level":"info","message":"⌛ Building environment","timeElapsed":636,"timestamp":"2025-09-14T13:52:12.356Z"}
{"level":"info","message":"⌛ Validating example.wlk","timeElapsed":1685,"timestamp":"2025-09-14T13:52:14.157Z"}
{"level":"info","message":"⌛ Building environment","timeElapsed":951,"timestamp":"2025-09-14T13:52:15.167Z"}
{"level":"info","message":"⌛ Validating example.wlk","timeElapsed":1319,"timestamp":"2025-09-14T13:52:16.655Z"}
{"level":"info","message":"⌛ Building environment","timeElapsed":734,"timestamp":"2025-09-14T13:52:17.390Z"}
{"level":"info","message":"⌛ Autocomplete - Method","timeElapsed":135,"timestamp":"2025-09-14T13:52:17.548Z"}
{"level":"info","message":"⌛ Validating example.wlk","timeElapsed":748,"timestamp":"2025-09-14T13:52:18.303Z"}
{"level":"info","message":"⌛ Building environment","timeElapsed":1368,"timestamp":"2025-09-14T13:52:19.703Z"}
{"level":"info","message":"⌛ Validating example.wlk","timeElapsed":760,"timestamp":"2025-09-14T13:52:20.470Z"}
{"level":"info","message":"⌛ Building environment","timeElapsed":1546,"timestamp":"2025-09-14T13:52:22.022Z"}
{"level":"info","message":"⌛ Validating example.wlk","timeElapsed":607,"timestamp":"2025-09-14T13:52:22.685Z"}
{"level":"info","message":"⌛ Building environment","timeElapsed":472,"timestamp":"2025-09-14T13:52:23.159Z"}
{"level":"info","message":"⌛ Autocomplete - Method","timeElapsed":114,"timestamp":"2025-09-14T13:52:23.301Z"}
{"level":"info","message":"⌛ Building environment","timeElapsed":497,"timestamp":"2025-09-14T13:52:23.819Z"}
{"level":"info","message":"⌛ Building environment","timeElapsed":512,"timestamp":"2025-09-14T13:52:24.382Z"}
{"level":"info","message":"⌛ Building environment","timeElapsed":733,"timestamp":"2025-09-14T13:52:25.139Z"}
{"level":"info","message":"⌛ Building environment","timeElapsed":1548,"timestamp":"2025-09-14T13:52:26.704Z"}
{"level":"info","message":"⌛ Building environment","timeElapsed":1220,"timestamp":"2025-09-14T13:52:27.935Z"}
{"level":"info","message":"⌛ Building environment","timeElapsed":518,"timestamp":"2025-09-14T13:52:28.456Z"}
{"level":"info","message":"⌛ Building environment","timeElapsed":480,"timestamp":"2025-09-14T13:52:28.939Z"}
{"level":"info","message":"⌛ Building environment","timeElapsed":1048,"timestamp":"2025-09-14T13:52:29.990Z"}
{"level":"info","message":"⌛ Validating example.wlk","timeElapsed":1171,"timestamp":"2025-09-14T13:52:32.115Z"}
{"level":"info","message":"⌛ Validating example.wlk","timeElapsed":617,"timestamp":"2025-09-14T13:52:32.787Z"}
{"level":"info","message":"⌛ Building environment","timeElapsed":560,"timestamp":"2025-09-14T13:52:33.452Z"}
{"level":"error","message":"✘ Completions for node Send ([37:18, 37:38] - example.wlk) failed: Error: [Send]{50d5eb} at example.wlk:37 exhausted all cases without a match [Send]{50d5eb} at example.wlk:37 exhausted all cases without a match","stack":"Error: [Send]{50d5eb} at example.wlk:37 exhausted all cases without a match\n    at c:\\Users\\Andrea\\.vscode\\extensions\\uqbar.wollok-lsp-ide-0.5.3\\out\\server\\src\\server.js:38:6142\n    at D2 (c:\\Users\\Andrea\\.vscode\\extensions\\uqbar.wollok-lsp-ide-0.5.3\\out\\server\\src\\server.js:2384:42)\n    at c:\\Users\\Andrea\\.vscode\\extensions\\uqbar.wollok-lsp-ide-0.5.3\\out\\server\\src\\server.js:2384:2988\n    at c:\\Users\\Andrea\\.vscode\\extensions\\uqbar.wollok-lsp-ide-0.5.3\\out\\server\\src\\server.js:2393:8440\n    at c:\\Users\\Andrea\\.vscode\\extensions\\uqbar.wollok-lsp-ide-0.5.3\\out\\server\\src\\server.js:37:74872\n    at Ye (c:\\Users\\Andrea\\.vscode\\extensions\\uqbar.wollok-lsp-ide-0.5.3\\out\\server\\src\\server.js:7:8527)\n    at qt (c:\\Users\\Andrea\\.vscode\\extensions\\uqbar.wollok-lsp-ide-0.5.3\\out\\server\\src\\server.js:7:6189)\n    at ot (c:\\Users\\Andrea\\.vscode\\extensions\\uqbar.wollok-lsp-ide-0.5.3\\out\\server\\src\\server.js:7:6378)\n    at Immediate._onImmediate (c:\\Users\\Andrea\\.vscode\\extensions\\uqbar.wollok-lsp-ide-0.5.3\\out\\server\\src\\server.js:7:6142)\n    at process.processImmediate (node:internal/timers:485:21)","timestamp":"2025-09-14T13:52:33.693Z"}
{"level":"error","message":"✘ Completions for node Send ([37:4, 37:39] - example.wlk) failed: Error: [Send]{f59c21} at example.wlk:37 exhausted all cases without a match [Send]{f59c21} at example.wlk:37 exhausted all cases without a match","stack":"Error: [Send]{f59c21} at example.wlk:37 exhausted all cases without a match\n    at c:\\Users\\Andrea\\.vscode\\extensions\\uqbar.wollok-lsp-ide-0.5.3\\out\\server\\src\\server.js:38:6142\n    at D2 (c:\\Users\\Andrea\\.vscode\\extensions\\uqbar.wollok-lsp-ide-0.5.3\\out\\server\\src\\server.js:2384:42)\n    at Qh (c:\\Users\\Andrea\\.vscode\\extensions\\uqbar.wollok-lsp-ide-0.5.3\\out\\server\\src\\server.js:2384:1092)\n    at D2 (c:\\Users\\Andrea\\.vscode\\extensions\\uqbar.wollok-lsp-ide-0.5.3\\out\\server\\src\\server.js:2384:544)\n    at c:\\Users\\Andrea\\.vscode\\extensions\\uqbar.wollok-lsp-ide-0.5.3\\out\\server\\src\\server.js:2384:2988\n    at c:\\Users\\Andrea\\.vscode\\extensions\\uqbar.wollok-lsp-ide-0.5.3\\out\\server\\src\\server.js:2393:8440\n    at c:\\Users\\Andrea\\.vscode\\extensions\\uqbar.wollok-lsp-ide-0.5.3\\out\\server\\src\\server.js:37:74872\n    at Ye (c:\\Users\\Andrea\\.vscode\\extensions\\uqbar.wollok-lsp-ide-0.5.3\\out\\server\\src\\server.js:7:8527)\n    at qt (c:\\Users\\Andrea\\.vscode\\extensions\\uqbar.wollok-lsp-ide-0.5.3\\out\\server\\src\\server.js:7:6189)\n    at ot (c:\\Users\\Andrea\\.vscode\\extensions\\uqbar.wollok-lsp-ide-0.5.3\\out\\server\\src\\server.js:7:6378)","timestamp":"2025-09-14T13:52:33.708Z"}
{"level":"error","message":"✘ Completions for node If ([33:3, 38:4] - example.wlk) failed: Error: [If]{f5cdd5} at example.wlk:33 exhausted all cases without a match [If]{f5cdd5} at example.wlk:33 exhausted all cases without a match","stack":"Error: [If]{f5cdd5} at example.wlk:33 exhausted all cases without a match\n    at c:\\Users\\Andrea\\.vscode\\extensions\\uqbar.wollok-lsp-ide-0.5.3\\out\\server\\src\\server.js:38:6142\n    at D2 (c:\\Users\\Andrea\\.vscode\\extensions\\uqbar.wollok-lsp-ide-0.5.3\\out\\server\\src\\server.js:2384:42)\n    at Qh (c:\\Users\\Andrea\\.vscode\\extensions\\uqbar.wollok-lsp-ide-0.5.3\\out\\server\\src\\server.js:2384:1092)\n    at v6n (c:\\Users\\Andrea\\.vscode\\extensions\\uqbar.wollok-lsp-ide-0.5.3\\out\\server\\src\\server.js:2384:818)\n    at c:\\Users\\Andrea\\.vscode\\extensions\\uqbar.wollok-lsp-ide-0.5.3\\out\\server\\src\\server.js:38:6131\n    at D2 (c:\\Users\\Andrea\\.vscode\\extensions\\uqbar.wollok-lsp-ide-0.5.3\\out\\server\\src\\server.js:2384:42)\n    at Qh (c:\\Users\\Andrea\\.vscode\\extensions\\uqbar.wollok-lsp-ide-0.5.3\\out\\server\\src\\server.js:2384:1092)\n    at D2 (c:\\Users\\Andrea\\.vscode\\extensions\\uqbar.wollok-lsp-ide-0.5.3\\out\\server\\src\\server.js:2384:544)\n    at Qh (c:\\Users\\Andrea\\.vscode\\extensions\\uqbar.wollok-lsp-ide-0.5.3\\out\\server\\src\\server.js:2384:1092)\n    at D2 (c:\\Users\\Andrea\\.vscode\\extensions\\uqbar.wollok-lsp-ide-0.5.3\\out\\server\\src\\server.js:2384:544)","timestamp":"2025-09-14T13:52:33.709Z"}
{"level":"info","message":"⌛ Autocomplete - Send","timeElapsed":219,"timestamp":"2025-09-14T13:52:33.732Z"}
{"level":"info","message":"⌛ Building environment","timeElapsed":554,"timestamp":"2025-09-14T13:52:34.291Z"}
{"level":"info","message":"⌛ Building environment","timeElapsed":481,"timestamp":"2025-09-14T13:52:34.775Z"}
{"level":"info","message":"⌛ Building environment","timeElapsed":1195,"timestamp":"2025-09-14T13:52:35.982Z"}
{"level":"info","message":"⌛ Validating example.wlk","timeElapsed":794,"timestamp":"2025-09-14T13:52:36.960Z"}
{"level":"info","message":"⌛ Validating example.wlk","timeElapsed":624,"timestamp":"2025-09-14T13:52:38.292Z"}
{"level":"info","message":"⌛ Validating example.wlk","timeElapsed":597,"timestamp":"2025-09-14T13:52:38.891Z"}
{"level":"info","message":"⌛ Validating example.wlk","timeElapsed":1897,"timestamp":"2025-09-14T13:52:40.789Z"}
{"level":"info","message":"⌛ Validating example.wlk","timeElapsed":854,"timestamp":"2025-09-14T13:52:41.643Z"}
{"level":"info","message":"⌛ Validating example.wlk","timeElapsed":631,"timestamp":"2025-09-14T13:52:42.284Z"}
{"level":"info","message":"⌛ Building environment","timeElapsed":497,"timestamp":"2025-09-14T13:52:42.800Z"}
{"level":"info","message":"⌛ Validating example.wlk","timeElapsed":1206,"timestamp":"2025-09-14T13:52:44.039Z"}
{"level":"info","message":"⌛ Building environment","timeElapsed":467,"timestamp":"2025-09-14T13:52:44.518Z"}
{"level":"info","message":"⌛ Validating example.wlk","timeElapsed":652,"timestamp":"2025-09-14T13:52:45.193Z"}
{"level":"info","message":"⌛ Validating example.wlk","timeElapsed":1366,"timestamp":"2025-09-14T13:52:46.576Z"}
{"level":"info","message":"⌛ Validating example.wlk","timeElapsed":760,"timestamp":"2025-09-14T13:52:47.360Z"}
{"level":"info","message":"⌛ Validating example.wlk","timeElapsed":907,"timestamp":"2025-09-14T13:52:48.273Z"}
{"level":"info","message":"⌛ Validating example.wlk","timeElapsed":615,"timestamp":"2025-09-14T13:52:48.955Z"}
{"level":"info","message":"⌛ Validating example.wlk","timeElapsed":685,"timestamp":"2025-09-14T13:52:49.652Z"}
{"level":"info","message":"⌛ Validating example.wlk","timeElapsed":690,"timestamp":"2025-09-14T13:52:50.343Z"}
{"level":"info","message":"⌛ Validating example.wlk","timeElapsed":682,"timestamp":"2025-09-14T13:52:51.205Z"}
{"level":"info","message":"⌛ Building environment","timeElapsed":1402,"timestamp":"2025-09-14T13:52:52.692Z"}
{"level":"info","message":"⌛ Building environment","timeElapsed":560,"timestamp":"2025-09-14T13:52:53.284Z"}
{"level":"info","message":"⌛ Building environment","timeElapsed":483,"timestamp":"2025-09-14T13:52:53.819Z"}
{"level":"info","message":"⌛ Building environment","timeElapsed":483,"timestamp":"2025-09-14T13:52:54.339Z"}
{"level":"info","message":"⌛ Building environment","timeElapsed":463,"timestamp":"2025-09-14T13:52:54.851Z"}
{"level":"info","message":"⌛ Validating example.wlk","timeElapsed":720,"timestamp":"2025-09-14T13:52:55.627Z"}
{"level":"info","message":"⌛ Validating example.wlk","timeElapsed":749,"timestamp":"2025-09-14T13:52:56.409Z"}
{"level":"info","message":"⌛ Validating example.wlk","timeElapsed":787,"timestamp":"2025-09-14T13:52:58.590Z"}
{"level":"info","message":"⌛ Validating example.wlk","timeElapsed":685,"timestamp":"2025-09-14T13:52:59.418Z"}
{"level":"info","message":"⌛ Validating example.wlk","timeElapsed":884,"timestamp":"2025-09-14T13:53:00.320Z"}
{"level":"info","message":"⌛ Validating example.wlk","timeElapsed":1444,"timestamp":"2025-09-14T13:53:01.769Z"}
{"level":"info","message":"⌛ Validating example.wlk","timeElapsed":920,"timestamp":"2025-09-14T13:53:02.690Z"}
{"level":"info","message":"⌛ Building environment","timeElapsed":789,"timestamp":"2025-09-14T13:53:03.491Z"}
{"level":"info","message":"⌛ Autocomplete - Method","timeElapsed":638,"timestamp":"2025-09-14T13:53:04.167Z"}
{"level":"info","message":"⌛ Building environment","timeElapsed":797,"timestamp":"2025-09-14T13:53:04.988Z"}
{"level":"info","message":"⌛ Building environment","timeElapsed":518,"timestamp":"2025-09-14T13:53:05.508Z"}
{"level":"info","message":"⌛ Building environment","timeElapsed":500,"timestamp":"2025-09-14T13:53:06.091Z"}
{"level":"info","message":"⌛ Building environment","timeElapsed":422,"timestamp":"2025-09-14T13:53:06.590Z"}
{"level":"info","message":"⌛ Building environment","timeElapsed":415,"timestamp":"2025-09-14T13:53:07.075Z"}
{"level":"info","message":"⌛ Building environment","timeElapsed":1039,"timestamp":"2025-09-14T13:53:08.189Z"}
{"level":"info","message":"⌛ Building environment","timeElapsed":555,"timestamp":"2025-09-14T13:53:09.073Z"}
{"level":"error","message":"✘ Completions for node Send ([46:18, 46:38] - example.wlk) failed: Error: [Send]{07fde8} at example.wlk:46 exhausted all cases without a match [Send]{07fde8} at example.wlk:46 exhausted all cases without a match","stack":"Error: [Send]{07fde8} at example.wlk:46 exhausted all cases without a match\n    at c:\\Users\\Andrea\\.vscode\\extensions\\uqbar.wollok-lsp-ide-0.5.3\\out\\server\\src\\server.js:38:6142\n    at D2 (c:\\Users\\Andrea\\.vscode\\extensions\\uqbar.wollok-lsp-ide-0.5.3\\out\\server\\src\\server.js:2384:42)\n    at c:\\Users\\Andrea\\.vscode\\extensions\\uqbar.wollok-lsp-ide-0.5.3\\out\\server\\src\\server.js:2384:2988\n    at c:\\Users\\Andrea\\.vscode\\extensions\\uqbar.wollok-lsp-ide-0.5.3\\out\\server\\src\\server.js:2393:8440\n    at c:\\Users\\Andrea\\.vscode\\extensions\\uqbar.wollok-lsp-ide-0.5.3\\out\\server\\src\\server.js:37:74872\n    at Ye (c:\\Users\\Andrea\\.vscode\\extensions\\uqbar.wollok-lsp-ide-0.5.3\\out\\server\\src\\server.js:7:8527)\n    at qt (c:\\Users\\Andrea\\.vscode\\extensions\\uqbar.wollok-lsp-ide-0.5.3\\out\\server\\src\\server.js:7:6189)\n    at ot (c:\\Users\\Andrea\\.vscode\\extensions\\uqbar.wollok-lsp-ide-0.5.3\\out\\server\\src\\server.js:7:6378)\n    at Immediate._onImmediate (c:\\Users\\Andrea\\.vscode\\extensions\\uqbar.wollok-lsp-ide-0.5.3\\out\\server\\src\\server.js:7:6142)\n    at process.processImmediate (node:internal/timers:485:21)","timestamp":"2025-09-14T13:53:09.209Z"}
{"level":"error","message":"✘ Completions for node Send ([46:4, 46:39] - example.wlk) failed: Error: [Send]{c4f07a} at example.wlk:46 exhausted all cases without a match [Send]{c4f07a} at example.wlk:46 exhausted all cases without a match","stack":"Error: [Send]{c4f07a} at example.wlk:46 exhausted all cases without a match\n    at c:\\Users\\Andrea\\.vscode\\extensions\\uqbar.wollok-lsp-ide-0.5.3\\out\\server\\src\\server.js:38:6142\n    at D2 (c:\\Users\\Andrea\\.vscode\\extensions\\uqbar.wollok-lsp-ide-0.5.3\\out\\server\\src\\server.js:2384:42)\n    at Qh (c:\\Users\\Andrea\\.vscode\\extensions\\uqbar.wollok-lsp-ide-0.5.3\\out\\server\\src\\server.js:2384:1092)\n    at D2 (c:\\Users\\Andrea\\.vscode\\extensions\\uqbar.wollok-lsp-ide-0.5.3\\out\\server\\src\\server.js:2384:544)\n    at c:\\Users\\Andrea\\.vscode\\extensions\\uqbar.wollok-lsp-ide-0.5.3\\out\\server\\src\\server.js:2384:2988\n    at c:\\Users\\Andrea\\.vscode\\extensions\\uqbar.wollok-lsp-ide-0.5.3\\out\\server\\src\\server.js:2393:8440\n    at c:\\Users\\Andrea\\.vscode\\extensions\\uqbar.wollok-lsp-ide-0.5.3\\out\\server\\src\\server.js:37:74872\n    at Ye (c:\\Users\\Andrea\\.vscode\\extensions\\uqbar.wollok-lsp-ide-0.5.3\\out\\server\\src\\server.js:7:8527)\n    at qt (c:\\Users\\Andrea\\.vscode\\extensions\\uqbar.wollok-lsp-ide-0.5.3\\out\\server\\src\\server.js:7:6189)\n    at ot (c:\\Users\\Andrea\\.vscode\\extensions\\uqbar.wollok-lsp-ide-0.5.3\\out\\server\\src\\server.js:7:6378)","timestamp":"2025-09-14T13:53:09.210Z"}
{"level":"error","message":"✘ Completions for node If ([42:3, 47:4] - example.wlk) failed: Error: [If]{12d265} at example.wlk:42 exhausted all cases without a match [If]{12d265} at example.wlk:42 exhausted all cases without a match","stack":"Error: [If]{12d265} at example.wlk:42 exhausted all cases without a match\n    at c:\\Users\\Andrea\\.vscode\\extensions\\uqbar.wollok-lsp-ide-0.5.3\\out\\server\\src\\server.js:38:6142\n    at D2 (c:\\Users\\Andrea\\.vscode\\extensions\\uqbar.wollok-lsp-ide-0.5.3\\out\\server\\src\\server.js:2384:42)\n    at Qh (c:\\Users\\Andrea\\.vscode\\extensions\\uqbar.wollok-lsp-ide-0.5.3\\out\\server\\src\\server.js:2384:1092)\n    at v6n (c:\\Users\\Andrea\\.vscode\\extensions\\uqbar.wollok-lsp-ide-0.5.3\\out\\server\\src\\server.js:2384:818)\n    at c:\\Users\\Andrea\\.vscode\\extensions\\uqbar.wollok-lsp-ide-0.5.3\\out\\server\\src\\server.js:38:6131\n    at D2 (c:\\Users\\Andrea\\.vscode\\extensions\\uqbar.wollok-lsp-ide-0.5.3\\out\\server\\src\\server.js:2384:42)\n    at Qh (c:\\Users\\Andrea\\.vscode\\extensions\\uqbar.wollok-lsp-ide-0.5.3\\out\\server\\src\\server.js:2384:1092)\n    at D2 (c:\\Users\\Andrea\\.vscode\\extensions\\uqbar.wollok-lsp-ide-0.5.3\\out\\server\\src\\server.js:2384:544)\n    at Qh (c:\\Users\\Andrea\\.vscode\\extensions\\uqbar.wollok-lsp-ide-0.5.3\\out\\server\\src\\server.js:2384:1092)\n    at D2 (c:\\Users\\Andrea\\.vscode\\extensions\\uqbar.wollok-lsp-ide-0.5.3\\out\\server\\src\\server.js:2384:544)","timestamp":"2025-09-14T13:53:09.218Z"}
{"level":"info","message":"⌛ Autocomplete - Send","timeElapsed":123,"timestamp":"2025-09-14T13:53:09.227Z"}
{"level":"info","message":"⌛ Validating example.wlk","timeElapsed":853,"timestamp":"2025-09-14T13:53:10.093Z"}
{"level":"info","message":"⌛ Building environment","timeElapsed":568,"timestamp":"2025-09-14T13:53:10.670Z"}
{"level":"info","message":"⌛ Building environment","timeElapsed":596,"timestamp":"2025-09-14T13:53:11.269Z"}
{"level":"info","message":"⌛ Building environment","timeElapsed":569,"timestamp":"2025-09-14T13:53:11.839Z"}
{"level":"info","message":"⌛ Building environment","timeElapsed":2169,"timestamp":"2025-09-14T13:53:14.091Z"}
{"level":"info","message":"⌛ Validating example.wlk","timeElapsed":1192,"timestamp":"2025-09-14T13:53:15.517Z"}
{"level":"info","message":"⌛ Validating example.wlk","timeElapsed":708,"timestamp":"2025-09-14T13:53:16.244Z"}
{"level":"info","message":"⌛ Validating example.wlk","timeElapsed":822,"timestamp":"2025-09-14T13:53:17.075Z"}
{"level":"info","message":"⌛ Validating example.wlk","timeElapsed":1088,"timestamp":"2025-09-14T13:53:18.172Z"}
{"level":"info","message":"⌛ Validating example.wlk","timeElapsed":730,"timestamp":"2025-09-14T13:53:18.910Z"}
{"level":"info","message":"⌛ Validating example.wlk","timeElapsed":774,"timestamp":"2025-09-14T13:53:19.685Z"}
{"level":"info","message":"⌛ Validating example.wlk","timeElapsed":1009,"timestamp":"2025-09-14T13:53:20.794Z"}
{"level":"info","message":"⌛ Validating example.wlk","timeElapsed":823,"timestamp":"2025-09-14T13:53:21.656Z"}
{"level":"info","message":"⌛ Validating example.wlk","timeElapsed":833,"timestamp":"2025-09-14T13:53:22.493Z"}
{"level":"info","message":"⌛ Validating example.wlk","timeElapsed":774,"timestamp":"2025-09-14T13:53:23.267Z"}
{"level":"info","message":"⌛ Validating example.wlk","timeElapsed":980,"timestamp":"2025-09-14T13:53:24.252Z"}
{"level":"info","message":"⌛ Building environment","timeElapsed":719,"timestamp":"2025-09-14T13:53:25.158Z"}
{"level":"error","message":"✘ Completions for node Send ([43:46, 43:54] - example.wlk) failed: Error: [Send]{a1f5c8} at example.wlk:43 exhausted all cases without a match [Send]{a1f5c8} at example.wlk:43 exhausted all cases without a match","stack":"Error: [Send]{a1f5c8} at example.wlk:43 exhausted all cases without a match\n    at c:\\Users\\Andrea\\.vscode\\extensions\\uqbar.wollok-lsp-ide-0.5.3\\out\\server\\src\\server.js:38:6142\n    at D2 (c:\\Users\\Andrea\\.vscode\\extensions\\uqbar.wollok-lsp-ide-0.5.3\\out\\server\\src\\server.js:2384:42)\n    at c:\\Users\\Andrea\\.vscode\\extensions\\uqbar.wollok-lsp-ide-0.5.3\\out\\server\\src\\server.js:2384:2988\n    at c:\\Users\\Andrea\\.vscode\\extensions\\uqbar.wollok-lsp-ide-0.5.3\\out\\server\\src\\server.js:2393:8440\n    at c:\\Users\\Andrea\\.vscode\\extensions\\uqbar.wollok-lsp-ide-0.5.3\\out\\server\\src\\server.js:37:74872\n    at Ye (c:\\Users\\Andrea\\.vscode\\extensions\\uqbar.wollok-lsp-ide-0.5.3\\out\\server\\src\\server.js:7:8527)\n    at qt (c:\\Users\\Andrea\\.vscode\\extensions\\uqbar.wollok-lsp-ide-0.5.3\\out\\server\\src\\server.js:7:6189)\n    at ot (c:\\Users\\Andrea\\.vscode\\extensions\\uqbar.wollok-lsp-ide-0.5.3\\out\\server\\src\\server.js:7:6378)\n    at Immediate._onImmediate (c:\\Users\\Andrea\\.vscode\\extensions\\uqbar.wollok-lsp-ide-0.5.3\\out\\server\\src\\server.js:7:6142)\n    at process.processImmediate (node:internal/timers:485:21)","timestamp":"2025-09-14T13:53:25.519Z"}
{"level":"error","message":"✘ Completions for node Send ([43:46, 43:56] - example.wlk) failed: Error: [Send]{7d0f75} at example.wlk:43 exhausted all cases without a match [Send]{7d0f75} at example.wlk:43 exhausted all cases without a match","stack":"Error: [Send]{7d0f75} at example.wlk:43 exhausted all cases without a match\n    at c:\\Users\\Andrea\\.vscode\\extensions\\uqbar.wollok-lsp-ide-0.5.3\\out\\server\\src\\server.js:38:6142\n    at D2 (c:\\Users\\Andrea\\.vscode\\extensions\\uqbar.wollok-lsp-ide-0.5.3\\out\\server\\src\\server.js:2384:42)\n    at Qh (c:\\Users\\Andrea\\.vscode\\extensions\\uqbar.wollok-lsp-ide-0.5.3\\out\\server\\src\\server.js:2384:1092)\n    at D2 (c:\\Users\\Andrea\\.vscode\\extensions\\uqbar.wollok-lsp-ide-0.5.3\\out\\server\\src\\server.js:2384:544)\n    at c:\\Users\\Andrea\\.vscode\\extensions\\uqbar.wollok-lsp-ide-0.5.3\\out\\server\\src\\server.js:2384:2988\n    at c:\\Users\\Andrea\\.vscode\\extensions\\uqbar.wollok-lsp-ide-0.5.3\\out\\server\\src\\server.js:2393:8440\n    at c:\\Users\\Andrea\\.vscode\\extensions\\uqbar.wollok-lsp-ide-0.5.3\\out\\server\\src\\server.js:37:74872\n    at Ye (c:\\Users\\Andrea\\.vscode\\extensions\\uqbar.wollok-lsp-ide-0.5.3\\out\\server\\src\\server.js:7:8527)\n    at qt (c:\\Users\\Andrea\\.vscode\\extensions\\uqbar.wollok-lsp-ide-0.5.3\\out\\server\\src\\server.js:7:6189)\n    at ot (c:\\Users\\Andrea\\.vscode\\extensions\\uqbar.wollok-lsp-ide-0.5.3\\out\\server\\src\\server.js:7:6378)","timestamp":"2025-09-14T13:53:25.521Z"}
{"level":"error","message":"✘ Completions for node Send ([43:18, 43:57] - example.wlk) failed: Error: [Send]{dacc6f} at example.wlk:43 exhausted all cases without a match [Send]{dacc6f} at example.wlk:43 exhausted all cases without a match","stack":"Error: [Send]{dacc6f} at example.wlk:43 exhausted all cases without a match\n    at c:\\Users\\Andrea\\.vscode\\extensions\\uqbar.wollok-lsp-ide-0.5.3\\out\\server\\src\\server.js:38:6142\n    at D2 (c:\\Users\\Andrea\\.vscode\\extensions\\uqbar.wollok-lsp-ide-0.5.3\\out\\server\\src\\server.js:2384:42)\n    at Qh (c:\\Users\\Andrea\\.vscode\\extensions\\uqbar.wollok-lsp-ide-0.5.3\\out\\server\\src\\server.js:2384:1092)\n    at D2 (c:\\Users\\Andrea\\.vscode\\extensions\\uqbar.wollok-lsp-ide-0.5.3\\out\\server\\src\\server.js:2384:544)\n    at Qh (c:\\Users\\Andrea\\.vscode\\extensions\\uqbar.wollok-lsp-ide-0.5.3\\out\\server\\src\\server.js:2384:1092)\n    at D2 (c:\\Users\\Andrea\\.vscode\\extensions\\uqbar.wollok-lsp-ide-0.5.3\\out\\server\\src\\server.js:2384:544)\n    at c:\\Users\\Andrea\\.vscode\\extensions\\uqbar.wollok-lsp-ide-0.5.3\\out\\server\\src\\server.js:2384:2988\n    at c:\\Users\\Andrea\\.vscode\\extensions\\uqbar.wollok-lsp-ide-0.5.3\\out\\server\\src\\server.js:2393:8440\n    at c:\\Users\\Andrea\\.vscode\\extensions\\uqbar.wollok-lsp-ide-0.5.3\\out\\server\\src\\server.js:37:74872\n    at Ye (c:\\Users\\Andrea\\.vscode\\extensions\\uqbar.wollok-lsp-ide-0.5.3\\out\\server\\src\\server.js:7:8527)","timestamp":"2025-09-14T13:53:25.522Z"}
{"level":"error","message":"✘ Completions for node Send ([43:4, 43:58] - example.wlk) failed: Error: [Send]{5992ee} at example.wlk:43 exhausted all cases without a match [Send]{5992ee} at example.wlk:43 exhausted all cases without a match","stack":"Error: [Send]{5992ee} at example.wlk:43 exhausted all cases without a match\n    at c:\\Users\\Andrea\\.vscode\\extensions\\uqbar.wollok-lsp-ide-0.5.3\\out\\server\\src\\server.js:38:6142\n    at D2 (c:\\Users\\Andrea\\.vscode\\extensions\\uqbar.wollok-lsp-ide-0.5.3\\out\\server\\src\\server.js:2384:42)\n    at Qh (c:\\Users\\Andrea\\.vscode\\extensions\\uqbar.wollok-lsp-ide-0.5.3\\out\\server\\src\\server.js:2384:1092)\n    at D2 (c:\\Users\\Andrea\\.vscode\\extensions\\uqbar.wollok-lsp-ide-0.5.3\\out\\server\\src\\server.js:2384:544)\n    at Qh (c:\\Users\\Andrea\\.vscode\\extensions\\uqbar.wollok-lsp-ide-0.5.3\\out\\server\\src\\server.js:2384:1092)\n    at D2 (c:\\Users\\Andrea\\.vscode\\extensions\\uqbar.wollok-lsp-ide-0.5.3\\out\\server\\src\\server.js:2384:544)\n    at Qh (c:\\Users\\Andrea\\.vscode\\extensions\\uqbar.wollok-lsp-ide-0.5.3\\out\\server\\src\\server.js:2384:1092)\n    at D2 (c:\\Users\\Andrea\\.vscode\\extensions\\uqbar.wollok-lsp-ide-0.5.3\\out\\server\\src\\server.js:2384:544)\n    at c:\\Users\\Andrea\\.vscode\\extensions\\uqbar.wollok-lsp-ide-0.5.3\\out\\server\\src\\server.js:2384:2988\n    at c:\\Users\\Andrea\\.vscode\\extensions\\uqbar.wollok-lsp-ide-0.5.3\\out\\server\\src\\server.js:2393:8440","timestamp":"2025-09-14T13:53:25.523Z"}
{"level":"error","message":"✘ Completions for node If ([42:3, 47:4] - example.wlk) failed: Error: [If]{8e84a2} at example.wlk:42 exhausted all cases without a match [If]{8e84a2} at example.wlk:42 exhausted all cases without a match","stack":"Error: [If]{8e84a2} at example.wlk:42 exhausted all cases without a match\n    at c:\\Users\\Andrea\\.vscode\\extensions\\uqbar.wollok-lsp-ide-0.5.3\\out\\server\\src\\server.js:38:6142\n    at D2 (c:\\Users\\Andrea\\.vscode\\extensions\\uqbar.wollok-lsp-ide-0.5.3\\out\\server\\src\\server.js:2384:42)\n    at Qh (c:\\Users\\Andrea\\.vscode\\extensions\\uqbar.wollok-lsp-ide-0.5.3\\out\\server\\src\\server.js:2384:1092)\n    at v6n (c:\\Users\\Andrea\\.vscode\\extensions\\uqbar.wollok-lsp-ide-0.5.3\\out\\server\\src\\server.js:2384:818)\n    at c:\\Users\\Andrea\\.vscode\\extensions\\uqbar.wollok-lsp-ide-0.5.3\\out\\server\\src\\server.js:38:6131\n    at D2 (c:\\Users\\Andrea\\.vscode\\extensions\\uqbar.wollok-lsp-ide-0.5.3\\out\\server\\src\\server.js:2384:42)\n    at Qh (c:\\Users\\Andrea\\.vscode\\extensions\\uqbar.wollok-lsp-ide-0.5.3\\out\\server\\src\\server.js:2384:1092)\n    at D2 (c:\\Users\\Andrea\\.vscode\\extensions\\uqbar.wollok-lsp-ide-0.5.3\\out\\server\\src\\server.js:2384:544)\n    at Qh (c:\\Users\\Andrea\\.vscode\\extensions\\uqbar.wollok-lsp-ide-0.5.3\\out\\server\\src\\server.js:2384:1092)\n    at D2 (c:\\Users\\Andrea\\.vscode\\extensions\\uqbar.wollok-lsp-ide-0.5.3\\out\\server\\src\\server.js:2384:544)","timestamp":"2025-09-14T13:53:25.523Z"}
{"level":"info","message":"⌛ Autocomplete - Send","timeElapsed":329,"timestamp":"2025-09-14T13:53:25.538Z"}
{"level":"info","message":"⌛ Building environment","timeElapsed":599,"timestamp":"2025-09-14T13:53:26.138Z"}
{"level":"info","message":"⌛ Building environment","timeElapsed":540,"timestamp":"2025-09-14T13:53:26.908Z"}
{"level":"info","message":"⌛ Building environment","timeElapsed":755,"timestamp":"2025-09-14T13:53:27.809Z"}
{"level":"info","message":"⌛ Building environment","timeElapsed":572,"timestamp":"2025-09-14T13:53:28.392Z"}
{"level":"info","message":"⌛ Validating example.wlk","timeElapsed":740,"timestamp":"2025-09-14T13:53:31.102Z"}
{"level":"info","message":"⌛ Building environment","timeElapsed":536,"timestamp":"2025-09-14T13:53:31.645Z"}
{"level":"info","message":"⌛ Building environment","timeElapsed":486,"timestamp":"2025-09-14T13:53:32.143Z"}
{"level":"error","message":"✘ Completions for node Send ([43:26, 43:45] - example.wlk) failed: Error: [Send]{0fc16f} at example.wlk:43 exhausted all cases without a match [Send]{0fc16f} at example.wlk:43 exhausted all cases without a match","stack":"Error: [Send]{0fc16f} at example.wlk:43 exhausted all cases without a match\n    at c:\\Users\\Andrea\\.vscode\\extensions\\uqbar.wollok-lsp-ide-0.5.3\\out\\server\\src\\server.js:38:6142\n    at D2 (c:\\Users\\Andrea\\.vscode\\extensions\\uqbar.wollok-lsp-ide-0.5.3\\out\\server\\src\\server.js:2384:42)\n    at c:\\Users\\Andrea\\.vscode\\extensions\\uqbar.wollok-lsp-ide-0.5.3\\out\\server\\src\\server.js:2384:2988\n    at c:\\Users\\Andrea\\.vscode\\extensions\\uqbar.wollok-lsp-ide-0.5.3\\out\\server\\src\\server.js:2393:8440\n    at c:\\Users\\Andrea\\.vscode\\extensions\\uqbar.wollok-lsp-ide-0.5.3\\out\\server\\src\\server.js:37:74872\n    at Ye (c:\\Users\\Andrea\\.vscode\\extensions\\uqbar.wollok-lsp-ide-0.5.3\\out\\server\\src\\server.js:7:8527)\n    at qt (c:\\Users\\Andrea\\.vscode\\extensions\\uqbar.wollok-lsp-ide-0.5.3\\out\\server\\src\\server.js:7:6189)\n    at ot (c:\\Users\\Andrea\\.vscode\\extensions\\uqbar.wollok-lsp-ide-0.5.3\\out\\server\\src\\server.js:7:6378)\n    at Immediate._onImmediate (c:\\Users\\Andrea\\.vscode\\extensions\\uqbar.wollok-lsp-ide-0.5.3\\out\\server\\src\\server.js:7:6142)\n    at process.processImmediate (node:internal/timers:485:21)","timestamp":"2025-09-14T13:53:32.273Z"}
{"level":"error","message":"✘ Completions for node Send ([43:18, 43:61] - example.wlk) failed: Error: [Send]{9d7cc1} at example.wlk:43 exhausted all cases without a match [Send]{9d7cc1} at example.wlk:43 exhausted all cases without a match","stack":"Error: [Send]{9d7cc1} at example.wlk:43 exhausted all cases without a match\n    at c:\\Users\\Andrea\\.vscode\\extensions\\uqbar.wollok-lsp-ide-0.5.3\\out\\server\\src\\server.js:38:6142\n    at D2 (c:\\Users\\Andrea\\.vscode\\extensions\\uqbar.wollok-lsp-ide-0.5.3\\out\\server\\src\\server.js:2384:42)\n    at Qh (c:\\Users\\Andrea\\.vscode\\extensions\\uqbar.wollok-lsp-ide-0.5.3\\out\\server\\src\\server.js:2384:1092)\n    at D2 (c:\\Users\\Andrea\\.vscode\\extensions\\uqbar.wollok-lsp-ide-0.5.3\\out\\server\\src\\server.js:2384:544)\n    at c:\\Users\\Andrea\\.vscode\\extensions\\uqbar.wollok-lsp-ide-0.5.3\\out\\server\\src\\server.js:2384:2988\n    at c:\\Users\\Andrea\\.vscode\\extensions\\uqbar.wollok-lsp-ide-0.5.3\\out\\server\\src\\server.js:2393:8440\n    at c:\\Users\\Andrea\\.vscode\\extensions\\uqbar.wollok-lsp-ide-0.5.3\\out\\server\\src\\server.js:37:74872\n    at Ye (c:\\Users\\Andrea\\.vscode\\extensions\\uqbar.wollok-lsp-ide-0.5.3\\out\\server\\src\\server.js:7:8527)\n    at qt (c:\\Users\\Andrea\\.vscode\\extensions\\uqbar.wollok-lsp-ide-0.5.3\\out\\server\\src\\server.js:7:6189)\n    at ot (c:\\Users\\Andrea\\.vscode\\extensions\\uqbar.wollok-lsp-ide-0.5.3\\out\\server\\src\\server.js:7:6378)","timestamp":"2025-09-14T13:53:32.274Z"}
{"level":"error","message":"✘ Completions for node Send ([43:4, 43:62] - example.wlk) failed: Error: [Send]{ec5c57} at example.wlk:43 exhausted all cases without a match [Send]{ec5c57} at example.wlk:43 exhausted all cases without a match","stack":"Error: [Send]{ec5c57} at example.wlk:43 exhausted all cases without a match\n    at c:\\Users\\Andrea\\.vscode\\extensions\\uqbar.wollok-lsp-ide-0.5.3\\out\\server\\src\\server.js:38:6142\n    at D2 (c:\\Users\\Andrea\\.vscode\\extensions\\uqbar.wollok-lsp-ide-0.5.3\\out\\server\\src\\server.js:2384:42)\n    at Qh (c:\\Users\\Andrea\\.vscode\\extensions\\uqbar.wollok-lsp-ide-0.5.3\\out\\server\\src\\server.js:2384:1092)\n    at D2 (c:\\Users\\Andrea\\.vscode\\extensions\\uqbar.wollok-lsp-ide-0.5.3\\out\\server\\src\\server.js:2384:544)\n    at Qh (c:\\Users\\Andrea\\.vscode\\extensions\\uqbar.wollok-lsp-ide-0.5.3\\out\\server\\src\\server.js:2384:1092)\n    at D2 (c:\\Users\\Andrea\\.vscode\\extensions\\uqbar.wollok-lsp-ide-0.5.3\\out\\server\\src\\server.js:2384:544)\n    at c:\\Users\\Andrea\\.vscode\\extensions\\uqbar.wollok-lsp-ide-0.5.3\\out\\server\\src\\server.js:2384:2988\n    at c:\\Users\\Andrea\\.vscode\\extensions\\uqbar.wollok-lsp-ide-0.5.3\\out\\server\\src\\server.js:2393:8440\n    at c:\\Users\\Andrea\\.vscode\\extensions\\uqbar.wollok-lsp-ide-0.5.3\\out\\server\\src\\server.js:37:74872\n    at Ye (c:\\Users\\Andrea\\.vscode\\extensions\\uqbar.wollok-lsp-ide-0.5.3\\out\\server\\src\\server.js:7:8527)","timestamp":"2025-09-14T13:53:32.274Z"}
{"level":"error","message":"✘ Completions for node If ([42:3, 47:4] - example.wlk) failed: Error: [If]{1ce84c} at example.wlk:42 exhausted all cases without a match [If]{1ce84c} at example.wlk:42 exhausted all cases without a match","stack":"Error: [If]{1ce84c} at example.wlk:42 exhausted all cases without a match\n    at c:\\Users\\Andrea\\.vscode\\extensions\\uqbar.wollok-lsp-ide-0.5.3\\out\\server\\src\\server.js:38:6142\n    at D2 (c:\\Users\\Andrea\\.vscode\\extensions\\uqbar.wollok-lsp-ide-0.5.3\\out\\server\\src\\server.js:2384:42)\n    at Qh (c:\\Users\\Andrea\\.vscode\\extensions\\uqbar.wollok-lsp-ide-0.5.3\\out\\server\\src\\server.js:2384:1092)\n    at v6n (c:\\Users\\Andrea\\.vscode\\extensions\\uqbar.wollok-lsp-ide-0.5.3\\out\\server\\src\\server.js:2384:818)\n    at c:\\Users\\Andrea\\.vscode\\extensions\\uqbar.wollok-lsp-ide-0.5.3\\out\\server\\src\\server.js:38:6131\n    at D2 (c:\\Users\\Andrea\\.vscode\\extensions\\uqbar.wollok-lsp-ide-0.5.3\\out\\server\\src\\server.js:2384:42)\n    at Qh (c:\\Users\\Andrea\\.vscode\\extensions\\uqbar.wollok-lsp-ide-0.5.3\\out\\server\\src\\server.js:2384:1092)\n    at D2 (c:\\Users\\Andrea\\.vscode\\extensions\\uqbar.wollok-lsp-ide-0.5.3\\out\\server\\src\\server.js:2384:544)\n    at Qh (c:\\Users\\Andrea\\.vscode\\extensions\\uqbar.wollok-lsp-ide-0.5.3\\out\\server\\src\\server.js:2384:1092)\n    at D2 (c:\\Users\\Andrea\\.vscode\\extensions\\uqbar.wollok-lsp-ide-0.5.3\\out\\server\\src\\server.js:2384:544)","timestamp":"2025-09-14T13:53:32.276Z"}
{"level":"info","message":"⌛ Autocomplete - Send","timeElapsed":128,"timestamp":"2025-09-14T13:53:32.287Z"}
{"level":"info","message":"⌛ Validating example.wlk","timeElapsed":871,"timestamp":"2025-09-14T13:53:33.174Z"}
{"level":"info","message":"⌛ Validating example.wlk","timeElapsed":1303,"timestamp":"2025-09-14T13:53:34.542Z"}
{"level":"info","message":"⌛ Validating example.wlk","timeElapsed":706,"timestamp":"2025-09-14T13:53:35.590Z"}
{"level":"info","message":"⌛ Validating example.wlk","timeElapsed":974,"timestamp":"2025-09-14T13:53:36.677Z"}
{"level":"info","message":"⌛ Validating example.wlk","timeElapsed":708,"timestamp":"2025-09-14T13:53:37.602Z"}
{"level":"info","message":"⌛ Validating example.wlk","timeElapsed":1256,"timestamp":"2025-09-14T13:53:38.859Z"}
{"level":"info","message":"⌛ Building environment","timeElapsed":1105,"timestamp":"2025-09-14T13:53:42.394Z"}
{"level":"info","message":"⌛ Validating example.wlk","timeElapsed":1374,"timestamp":"2025-09-14T13:53:43.941Z"}
{"level":"info","message":"⌛ Building environment","timeElapsed":1053,"timestamp":"2025-09-14T13:53:49.874Z"}
{"level":"info","message":"⌛ Validating example.wlk","timeElapsed":738,"timestamp":"2025-09-14T13:53:50.936Z"}
{"level":"info","message":"⌛ Building environment","timeElapsed":1822,"timestamp":"2025-09-14T13:54:17.870Z"}
{"level":"info","message":"⌛ Building environment","timeElapsed":1353,"timestamp":"2025-09-14T13:54:19.375Z"}
{"level":"info","message":"⌛ Validating example.wlk","timeElapsed":3496,"timestamp":"2025-09-14T13:54:23.322Z"}
{"level":"info","message":"⌛ Validating example.wlk","timeElapsed":867,"timestamp":"2025-09-14T13:54:24.649Z"}
{"level":"info","message":"⌛ Building environment","timeElapsed":683,"timestamp":"2025-09-14T13:54:31.357Z"}
{"level":"info","message":"⌛ Validating example.wlk","timeElapsed":947,"timestamp":"2025-09-14T13:54:32.418Z"}
{"level":"info","message":"⌛ Building environment","timeElapsed":623,"timestamp":"2025-09-14T13:54:33.043Z"}
{"level":"info","message":"⌛ Validating example.wlk","timeElapsed":1015,"timestamp":"2025-09-14T13:54:34.469Z"}
{"level":"info","message":"⌛ Building environment","timeElapsed":751,"timestamp":"2025-09-14T13:54:43.956Z"}
{"level":"info","message":"⌛ Building environment","timeElapsed":476,"timestamp":"2025-09-14T13:54:44.484Z"}
{"level":"error","message":"✘ Completions for node Send ([43:26, 43:45] - example.wlk) failed: Error: [Send]{11a033} at example.wlk:43 exhausted all cases without a match [Send]{11a033} at example.wlk:43 exhausted all cases without a match","stack":"Error: [Send]{11a033} at example.wlk:43 exhausted all cases without a match\n    at c:\\Users\\Andrea\\.vscode\\extensions\\uqbar.wollok-lsp-ide-0.5.3\\out\\server\\src\\server.js:38:6142\n    at D2 (c:\\Users\\Andrea\\.vscode\\extensions\\uqbar.wollok-lsp-ide-0.5.3\\out\\server\\src\\server.js:2384:42)\n    at c:\\Users\\Andrea\\.vscode\\extensions\\uqbar.wollok-lsp-ide-0.5.3\\out\\server\\src\\server.js:2384:2988\n    at c:\\Users\\Andrea\\.vscode\\extensions\\uqbar.wollok-lsp-ide-0.5.3\\out\\server\\src\\server.js:2393:8440\n    at c:\\Users\\Andrea\\.vscode\\extensions\\uqbar.wollok-lsp-ide-0.5.3\\out\\server\\src\\server.js:37:74872\n    at Ye (c:\\Users\\Andrea\\.vscode\\extensions\\uqbar.wollok-lsp-ide-0.5.3\\out\\server\\src\\server.js:7:8527)\n    at qt (c:\\Users\\Andrea\\.vscode\\extensions\\uqbar.wollok-lsp-ide-0.5.3\\out\\server\\src\\server.js:7:6189)\n    at ot (c:\\Users\\Andrea\\.vscode\\extensions\\uqbar.wollok-lsp-ide-0.5.3\\out\\server\\src\\server.js:7:6378)\n    at Immediate._onImmediate (c:\\Users\\Andrea\\.vscode\\extensions\\uqbar.wollok-lsp-ide-0.5.3\\out\\server\\src\\server.js:7:6142)\n    at process.processImmediate (node:internal/timers:485:21)","timestamp":"2025-09-14T13:54:44.660Z"}
{"level":"error","message":"✘ Completions for node Send ([43:18, 43:61] - example.wlk) failed: Error: [Send]{82b5f3} at example.wlk:43 exhausted all cases without a match [Send]{82b5f3} at example.wlk:43 exhausted all cases without a match","stack":"Error: [Send]{82b5f3} at example.wlk:43 exhausted all cases without a match\n    at c:\\Users\\Andrea\\.vscode\\extensions\\uqbar.wollok-lsp-ide-0.5.3\\out\\server\\src\\server.js:38:6142\n    at D2 (c:\\Users\\Andrea\\.vscode\\extensions\\uqbar.wollok-lsp-ide-0.5.3\\out\\server\\src\\server.js:2384:42)\n    at Qh (c:\\Users\\Andrea\\.vscode\\extensions\\uqbar.wollok-lsp-ide-0.5.3\\out\\server\\src\\server.js:2384:1092)\n    at D2 (c:\\Users\\Andrea\\.vscode\\extensions\\uqbar.wollok-lsp-ide-0.5.3\\out\\server\\src\\server.js:2384:544)\n    at c:\\Users\\Andrea\\.vscode\\extensions\\uqbar.wollok-lsp-ide-0.5.3\\out\\server\\src\\server.js:2384:2988\n    at c:\\Users\\Andrea\\.vscode\\extensions\\uqbar.wollok-lsp-ide-0.5.3\\out\\server\\src\\server.js:2393:8440\n    at c:\\Users\\Andrea\\.vscode\\extensions\\uqbar.wollok-lsp-ide-0.5.3\\out\\server\\src\\server.js:37:74872\n    at Ye (c:\\Users\\Andrea\\.vscode\\extensions\\uqbar.wollok-lsp-ide-0.5.3\\out\\server\\src\\server.js:7:8527)\n    at qt (c:\\Users\\Andrea\\.vscode\\extensions\\uqbar.wollok-lsp-ide-0.5.3\\out\\server\\src\\server.js:7:6189)\n    at ot (c:\\Users\\Andrea\\.vscode\\extensions\\uqbar.wollok-lsp-ide-0.5.3\\out\\server\\src\\server.js:7:6378)","timestamp":"2025-09-14T13:54:44.667Z"}
{"level":"error","message":"✘ Completions for node Send ([43:4, 43:62] - example.wlk) failed: Error: [Send]{7dfbf5} at example.wlk:43 exhausted all cases without a match [Send]{7dfbf5} at example.wlk:43 exhausted all cases without a match","stack":"Error: [Send]{7dfbf5} at example.wlk:43 exhausted all cases without a match\n    at c:\\Users\\Andrea\\.vscode\\extensions\\uqbar.wollok-lsp-ide-0.5.3\\out\\server\\src\\server.js:38:6142\n    at D2 (c:\\Users\\Andrea\\.vscode\\extensions\\uqbar.wollok-lsp-ide-0.5.3\\out\\server\\src\\server.js:2384:42)\n    at Qh (c:\\Users\\Andrea\\.vscode\\extensions\\uqbar.wollok-lsp-ide-0.5.3\\out\\server\\src\\server.js:2384:1092)\n    at D2 (c:\\Users\\Andrea\\.vscode\\extensions\\uqbar.wollok-lsp-ide-0.5.3\\out\\server\\src\\server.js:2384:544)\n    at Qh (c:\\Users\\Andrea\\.vscode\\extensions\\uqbar.wollok-lsp-ide-0.5.3\\out\\server\\src\\server.js:2384:1092)\n    at D2 (c:\\Users\\Andrea\\.vscode\\extensions\\uqbar.wollok-lsp-ide-0.5.3\\out\\server\\src\\server.js:2384:544)\n    at c:\\Users\\Andrea\\.vscode\\extensions\\uqbar.wollok-lsp-ide-0.5.3\\out\\server\\src\\server.js:2384:2988\n    at c:\\Users\\Andrea\\.vscode\\extensions\\uqbar.wollok-lsp-ide-0.5.3\\out\\server\\src\\server.js:2393:8440\n    at c:\\Users\\Andrea\\.vscode\\extensions\\uqbar.wollok-lsp-ide-0.5.3\\out\\server\\src\\server.js:37:74872\n    at Ye (c:\\Users\\Andrea\\.vscode\\extensions\\uqbar.wollok-lsp-ide-0.5.3\\out\\server\\src\\server.js:7:8527)","timestamp":"2025-09-14T13:54:44.668Z"}
{"level":"error","message":"✘ Completions for node If ([42:3, 47:4] - example.wlk) failed: Error: [If]{ad9353} at example.wlk:42 exhausted all cases without a match [If]{ad9353} at example.wlk:42 exhausted all cases without a match","stack":"Error: [If]{ad9353} at example.wlk:42 exhausted all cases without a match\n    at c:\\Users\\Andrea\\.vscode\\extensions\\uqbar.wollok-lsp-ide-0.5.3\\out\\server\\src\\server.js:38:6142\n    at D2 (c:\\Users\\Andrea\\.vscode\\extensions\\uqbar.wollok-lsp-ide-0.5.3\\out\\server\\src\\server.js:2384:42)\n    at Qh (c:\\Users\\Andrea\\.vscode\\extensions\\uqbar.wollok-lsp-ide-0.5.3\\out\\server\\src\\server.js:2384:1092)\n    at v6n (c:\\Users\\Andrea\\.vscode\\extensions\\uqbar.wollok-lsp-ide-0.5.3\\out\\server\\src\\server.js:2384:818)\n    at c:\\Users\\Andrea\\.vscode\\extensions\\uqbar.wollok-lsp-ide-0.5.3\\out\\server\\src\\server.js:38:6131\n    at D2 (c:\\Users\\Andrea\\.vscode\\extensions\\uqbar.wollok-lsp-ide-0.5.3\\out\\server\\src\\server.js:2384:42)\n    at Qh (c:\\Users\\Andrea\\.vscode\\extensions\\uqbar.wollok-lsp-ide-0.5.3\\out\\server\\src\\server.js:2384:1092)\n    at D2 (c:\\Users\\Andrea\\.vscode\\extensions\\uqbar.wollok-lsp-ide-0.5.3\\out\\server\\src\\server.js:2384:544)\n    at Qh (c:\\Users\\Andrea\\.vscode\\extensions\\uqbar.wollok-lsp-ide-0.5.3\\out\\server\\src\\server.js:2384:1092)\n    at D2 (c:\\Users\\Andrea\\.vscode\\extensions\\uqbar.wollok-lsp-ide-0.5.3\\out\\server\\src\\server.js:2384:544)","timestamp":"2025-09-14T13:54:44.669Z"}
{"level":"info","message":"⌛ Autocomplete - Send","timeElapsed":106,"timestamp":"2025-09-14T13:54:44.676Z"}
{"level":"info","message":"⌛ Validating example.wlk","timeElapsed":857,"timestamp":"2025-09-14T13:54:45.558Z"}
{"level":"info","message":"⌛ Validating example.wlk","timeElapsed":888,"timestamp":"2025-09-14T13:54:46.569Z"}
{"level":"info","message":"⌛ Building environment","timeElapsed":620,"timestamp":"2025-09-14T13:54:47.221Z"}
{"level":"info","message":"⌛ Building environment","timeElapsed":732,"timestamp":"2025-09-14T13:54:48.051Z"}
{"level":"error","message":"✘ Completions for node Send ([43:26, 43:45] - example.wlk) failed: Error: [Send]{7e82c4} at example.wlk:43 exhausted all cases without a match [Send]{7e82c4} at example.wlk:43 exhausted all cases without a match","stack":"Error: [Send]{7e82c4} at example.wlk:43 exhausted all cases without a match\n    at c:\\Users\\Andrea\\.vscode\\extensions\\uqbar.wollok-lsp-ide-0.5.3\\out\\server\\src\\server.js:38:6142\n    at D2 (c:\\Users\\Andrea\\.vscode\\extensions\\uqbar.wollok-lsp-ide-0.5.3\\out\\server\\src\\server.js:2384:42)\n    at c:\\Users\\Andrea\\.vscode\\extensions\\uqbar.wollok-lsp-ide-0.5.3\\out\\server\\src\\server.js:2384:2988\n    at c:\\Users\\Andrea\\.vscode\\extensions\\uqbar.wollok-lsp-ide-0.5.3\\out\\server\\src\\server.js:2393:8440\n    at c:\\Users\\Andrea\\.vscode\\extensions\\uqbar.wollok-lsp-ide-0.5.3\\out\\server\\src\\server.js:37:74872\n    at Ye (c:\\Users\\Andrea\\.vscode\\extensions\\uqbar.wollok-lsp-ide-0.5.3\\out\\server\\src\\server.js:7:8527)\n    at qt (c:\\Users\\Andrea\\.vscode\\extensions\\uqbar.wollok-lsp-ide-0.5.3\\out\\server\\src\\server.js:7:6189)\n    at ot (c:\\Users\\Andrea\\.vscode\\extensions\\uqbar.wollok-lsp-ide-0.5.3\\out\\server\\src\\server.js:7:6378)\n    at Immediate._onImmediate (c:\\Users\\Andrea\\.vscode\\extensions\\uqbar.wollok-lsp-ide-0.5.3\\out\\server\\src\\server.js:7:6142)\n    at process.processImmediate (node:internal/timers:485:21)","timestamp":"2025-09-14T13:54:48.177Z"}
{"level":"error","message":"✘ Completions for node Send ([43:18, 43:61] - example.wlk) failed: Error: [Send]{b7eb9e} at example.wlk:43 exhausted all cases without a match [Send]{b7eb9e} at example.wlk:43 exhausted all cases without a match","stack":"Error: [Send]{b7eb9e} at example.wlk:43 exhausted all cases without a match\n    at c:\\Users\\Andrea\\.vscode\\extensions\\uqbar.wollok-lsp-ide-0.5.3\\out\\server\\src\\server.js:38:6142\n    at D2 (c:\\Users\\Andrea\\.vscode\\extensions\\uqbar.wollok-lsp-ide-0.5.3\\out\\server\\src\\server.js:2384:42)\n    at Qh (c:\\Users\\Andrea\\.vscode\\extensions\\uqbar.wollok-lsp-ide-0.5.3\\out\\server\\src\\server.js:2384:1092)\n    at D2 (c:\\Users\\Andrea\\.vscode\\extensions\\uqbar.wollok-lsp-ide-0.5.3\\out\\server\\src\\server.js:2384:544)\n    at c:\\Users\\Andrea\\.vscode\\extensions\\uqbar.wollok-lsp-ide-0.5.3\\out\\server\\src\\server.js:2384:2988\n    at c:\\Users\\Andrea\\.vscode\\extensions\\uqbar.wollok-lsp-ide-0.5.3\\out\\server\\src\\server.js:2393:8440\n    at c:\\Users\\Andrea\\.vscode\\extensions\\uqbar.wollok-lsp-ide-0.5.3\\out\\server\\src\\server.js:37:74872\n    at Ye (c:\\Users\\Andrea\\.vscode\\extensions\\uqbar.wollok-lsp-ide-0.5.3\\out\\server\\src\\server.js:7:8527)\n    at qt (c:\\Users\\Andrea\\.vscode\\extensions\\uqbar.wollok-lsp-ide-0.5.3\\out\\server\\src\\server.js:7:6189)\n    at ot (c:\\Users\\Andrea\\.vscode\\extensions\\uqbar.wollok-lsp-ide-0.5.3\\out\\server\\src\\server.js:7:6378)","timestamp":"2025-09-14T13:54:48.182Z"}
{"level":"error","message":"✘ Completions for node Send ([43:4, 43:62] - example.wlk) failed: Error: [Send]{269df3} at example.wlk:43 exhausted all cases without a match [Send]{269df3} at example.wlk:43 exhausted all cases without a match","stack":"Error: [Send]{269df3} at example.wlk:43 exhausted all cases without a match\n    at c:\\Users\\Andrea\\.vscode\\extensions\\uqbar.wollok-lsp-ide-0.5.3\\out\\server\\src\\server.js:38:6142\n    at D2 (c:\\Users\\Andrea\\.vscode\\extensions\\uqbar.wollok-lsp-ide-0.5.3\\out\\server\\src\\server.js:2384:42)\n    at Qh (c:\\Users\\Andrea\\.vscode\\extensions\\uqbar.wollok-lsp-ide-0.5.3\\out\\server\\src\\server.js:2384:1092)\n    at D2 (c:\\Users\\Andrea\\.vscode\\extensions\\uqbar.wollok-lsp-ide-0.5.3\\out\\server\\src\\server.js:2384:544)\n    at Qh (c:\\Users\\Andrea\\.vscode\\extensions\\uqbar.wollok-lsp-ide-0.5.3\\out\\server\\src\\server.js:2384:1092)\n    at D2 (c:\\Users\\Andrea\\.vscode\\extensions\\uqbar.wollok-lsp-ide-0.5.3\\out\\server\\src\\server.js:2384:544)\n    at c:\\Users\\Andrea\\.vscode\\extensions\\uqbar.wollok-lsp-ide-0.5.3\\out\\server\\src\\server.js:2384:2988\n    at c:\\Users\\Andrea\\.vscode\\extensions\\uqbar.wollok-lsp-ide-0.5.3\\out\\server\\src\\server.js:2393:8440\n    at c:\\Users\\Andrea\\.vscode\\extensions\\uqbar.wollok-lsp-ide-0.5.3\\out\\server\\src\\server.js:37:74872\n    at Ye (c:\\Users\\Andrea\\.vscode\\extensions\\uqbar.wollok-lsp-ide-0.5.3\\out\\server\\src\\server.js:7:8527)","timestamp":"2025-09-14T13:54:48.183Z"}
{"level":"error","message":"✘ Completions for node If ([42:3, 47:4] - example.wlk) failed: Error: [If]{95b35f} at example.wlk:42 exhausted all cases without a match [If]{95b35f} at example.wlk:42 exhausted all cases without a match","stack":"Error: [If]{95b35f} at example.wlk:42 exhausted all cases without a match\n    at c:\\Users\\Andrea\\.vscode\\extensions\\uqbar.wollok-lsp-ide-0.5.3\\out\\server\\src\\server.js:38:6142\n    at D2 (c:\\Users\\Andrea\\.vscode\\extensions\\uqbar.wollok-lsp-ide-0.5.3\\out\\server\\src\\server.js:2384:42)\n    at Qh (c:\\Users\\Andrea\\.vscode\\extensions\\uqbar.wollok-lsp-ide-0.5.3\\out\\server\\src\\server.js:2384:1092)\n    at v6n (c:\\Users\\Andrea\\.vscode\\extensions\\uqbar.wollok-lsp-ide-0.5.3\\out\\server\\src\\server.js:2384:818)\n    at c:\\Users\\Andrea\\.vscode\\extensions\\uqbar.wollok-lsp-ide-0.5.3\\out\\server\\src\\server.js:38:6131\n    at D2 (c:\\Users\\Andrea\\.vscode\\extensions\\uqbar.wollok-lsp-ide-0.5.3\\out\\server\\src\\server.js:2384:42)\n    at Qh (c:\\Users\\Andrea\\.vscode\\extensions\\uqbar.wollok-lsp-ide-0.5.3\\out\\server\\src\\server.js:2384:1092)\n    at D2 (c:\\Users\\Andrea\\.vscode\\extensions\\uqbar.wollok-lsp-ide-0.5.3\\out\\server\\src\\server.js:2384:544)\n    at Qh (c:\\Users\\Andrea\\.vscode\\extensions\\uqbar.wollok-lsp-ide-0.5.3\\out\\server\\src\\server.js:2384:1092)\n    at D2 (c:\\Users\\Andrea\\.vscode\\extensions\\uqbar.wollok-lsp-ide-0.5.3\\out\\server\\src\\server.js:2384:544)","timestamp":"2025-09-14T13:54:48.185Z"}
{"level":"info","message":"⌛ Autocomplete - Send","timeElapsed":122,"timestamp":"2025-09-14T13:54:48.191Z"}
{"level":"info","message":"⌛ Validating example.wlk","timeElapsed":652,"timestamp":"2025-09-14T13:54:48.926Z"}
{"level":"info","message":"⌛ Validating example.wlk","timeElapsed":760,"timestamp":"2025-09-14T13:54:49.885Z"}
{"level":"info","message":"⌛ Building environment","timeElapsed":737,"timestamp":"2025-09-14T13:54:50.674Z"}
{"level":"info","message":"⌛ Validating example.wlk","timeElapsed":686,"timestamp":"2025-09-14T13:54:51.458Z"}
{"level":"info","message":"⌛ Building environment","timeElapsed":1199,"timestamp":"2025-09-14T13:55:09.070Z"}
{"level":"error","message":"✘ Completions for node If ([42:3, 47:4] - example.wlk) failed: Error: [If]{62a1b0} at example.wlk:42 exhausted all cases without a match [If]{62a1b0} at example.wlk:42 exhausted all cases without a match","stack":"Error: [If]{62a1b0} at example.wlk:42 exhausted all cases without a match\n    at c:\\Users\\Andrea\\.vscode\\extensions\\uqbar.wollok-lsp-ide-0.5.3\\out\\server\\src\\server.js:38:6142\n    at D2 (c:\\Users\\Andrea\\.vscode\\extensions\\uqbar.wollok-lsp-ide-0.5.3\\out\\server\\src\\server.js:2384:42)\n    at Qh (c:\\Users\\Andrea\\.vscode\\extensions\\uqbar.wollok-lsp-ide-0.5.3\\out\\server\\src\\server.js:2384:1092)\n    at v6n (c:\\Users\\Andrea\\.vscode\\extensions\\uqbar.wollok-lsp-ide-0.5.3\\out\\server\\src\\server.js:2384:818)\n    at c:\\Users\\Andrea\\.vscode\\extensions\\uqbar.wollok-lsp-ide-0.5.3\\out\\server\\src\\server.js:38:6131\n    at D2 (c:\\Users\\Andrea\\.vscode\\extensions\\uqbar.wollok-lsp-ide-0.5.3\\out\\server\\src\\server.js:2384:42)\n    at c:\\Users\\Andrea\\.vscode\\extensions\\uqbar.wollok-lsp-ide-0.5.3\\out\\server\\src\\server.js:2384:2988\n    at c:\\Users\\Andrea\\.vscode\\extensions\\uqbar.wollok-lsp-ide-0.5.3\\out\\server\\src\\server.js:2393:8440\n    at c:\\Users\\Andrea\\.vscode\\extensions\\uqbar.wollok-lsp-ide-0.5.3\\out\\server\\src\\server.js:37:74872\n    at Ye (c:\\Users\\Andrea\\.vscode\\extensions\\uqbar.wollok-lsp-ide-0.5.3\\out\\server\\src\\server.js:7:8527)","timestamp":"2025-09-14T13:55:09.464Z"}
{"level":"info","message":"⌛ Autocomplete - Body","timeElapsed":315,"timestamp":"2025-09-14T13:55:09.479Z"}
{"level":"info","message":"⌛ Building environment","timeElapsed":622,"timestamp":"2025-09-14T13:55:10.140Z"}
{"level":"info","message":"⌛ Autocomplete - Body","timeElapsed":217,"timestamp":"2025-09-14T13:55:10.397Z"}
{"level":"info","message":"⌛ Validating example.wlk","timeElapsed":825,"timestamp":"2025-09-14T13:55:11.231Z"}
{"level":"info","message":"⌛ Validating example.wlk","timeElapsed":670,"timestamp":"2025-09-14T13:55:11.960Z"}
{"level":"info","message":"⌛ Building environment","timeElapsed":619,"timestamp":"2025-09-14T13:55:14.358Z"}
{"level":"error","message":"✘ Completions for node If ([42:3, 47:4] - example.wlk) failed: Error: [If]{14d905} at example.wlk:42 exhausted all cases without a match [If]{14d905} at example.wlk:42 exhausted all cases without a match","stack":"Error: [If]{14d905} at example.wlk:42 exhausted all cases without a match\n    at c:\\Users\\Andrea\\.vscode\\extensions\\uqbar.wollok-lsp-ide-0.5.3\\out\\server\\src\\server.js:38:6142\n    at D2 (c:\\Users\\Andrea\\.vscode\\extensions\\uqbar.wollok-lsp-ide-0.5.3\\out\\server\\src\\server.js:2384:42)\n    at Qh (c:\\Users\\Andrea\\.vscode\\extensions\\uqbar.wollok-lsp-ide-0.5.3\\out\\server\\src\\server.js:2384:1092)\n    at v6n (c:\\Users\\Andrea\\.vscode\\extensions\\uqbar.wollok-lsp-ide-0.5.3\\out\\server\\src\\server.js:2384:818)\n    at c:\\Users\\Andrea\\.vscode\\extensions\\uqbar.wollok-lsp-ide-0.5.3\\out\\server\\src\\server.js:38:6131\n    at D2 (c:\\Users\\Andrea\\.vscode\\extensions\\uqbar.wollok-lsp-ide-0.5.3\\out\\server\\src\\server.js:2384:42)\n    at c:\\Users\\Andrea\\.vscode\\extensions\\uqbar.wollok-lsp-ide-0.5.3\\out\\server\\src\\server.js:2384:2988\n    at c:\\Users\\Andrea\\.vscode\\extensions\\uqbar.wollok-lsp-ide-0.5.3\\out\\server\\src\\server.js:2393:8440\n    at c:\\Users\\Andrea\\.vscode\\extensions\\uqbar.wollok-lsp-ide-0.5.3\\out\\server\\src\\server.js:37:74872\n    at Ye (c:\\Users\\Andrea\\.vscode\\extensions\\uqbar.wollok-lsp-ide-0.5.3\\out\\server\\src\\server.js:7:8527)","timestamp":"2025-09-14T13:55:14.541Z"}
{"level":"info","message":"⌛ Autocomplete - Body","timeElapsed":133,"timestamp":"2025-09-14T13:55:14.561Z"}
{"level":"info","message":"⌛ Building environment","timeElapsed":528,"timestamp":"2025-09-14T13:55:15.109Z"}
{"level":"info","message":"⌛ Validating example.wlk","timeElapsed":692,"timestamp":"2025-09-14T13:55:15.806Z"}
{"level":"info","message":"⌛ Validating example.wlk","timeElapsed":1278,"timestamp":"2025-09-14T13:55:17.469Z"}
{"level":"info","message":"⌛ Building environment","timeElapsed":1017,"timestamp":"2025-09-14T13:55:30.222Z"}
{"level":"info","message":"⌛ Validating pgmProgram.wpgm","timeElapsed":722,"timestamp":"2025-09-14T13:55:31.113Z"}
{"level":"info","message":"⌛ Building environment","timeElapsed":629,"timestamp":"2025-09-14T13:55:32.093Z"}
{"level":"info","message":"⌛ Validating pgmProgram.wpgm","timeElapsed":751,"timestamp":"2025-09-14T13:55:32.937Z"}
{"level":"info","message":"⌛ Building environment","timeElapsed":555,"timestamp":"2025-09-14T13:55:33.713Z"}
{"level":"info","message":"⌛ Validating pgmProgram.wpgm","timeElapsed":649,"timestamp":"2025-09-14T13:55:34.406Z"}
{"level":"info","message":"⌛ Building environment","timeElapsed":672,"timestamp":"2025-09-14T13:55:45.977Z"}
{"level":"info","message":"⌛ Building environment","timeElapsed":549,"timestamp":"2025-09-14T13:55:46.530Z"}
{"level":"info","message":"⌛ Validating pgmProgram.wpgm","timeElapsed":702,"timestamp":"2025-09-14T13:55:47.283Z"}
{"level":"info","message":"⌛ Validating pgmProgram.wpgm","timeElapsed":649,"timestamp":"2025-09-14T13:55:48.088Z"}
{"exitCode":"SIGHUP","level":"info","message":"👾 Game executed pgmProgram.pacmanGame on c:\\Users\\Andrea\\Desktop\\Programacion con obj1\\pacmanbasicgame-pabloandino0804-bit","timeElapsed":759263,"timestamp":"2025-09-14T13:57:57.407Z"}
{"level":"info","message":"🚀 Program executed \u001b[3m\u001b[34mpgmProgram.pacmanGame\u001b[39m\u001b[23m on \u001b[3m\u001b[34mc:\\Users\\Andrea\\Desktop\\Programacion con obj1\\pacmanbasicgame-pabloandino0804-bit\u001b[39m\u001b[23m","ok":true,"timeElapsed":2954,"timestamp":"2025-09-14T13:58:15.047Z"}
{"exitCode":"SIGHUP","level":"info","message":"👾 Game executed pgmProgram.pacmanGame on c:\\Users\\Andrea\\Desktop\\Programacion con obj1\\pacmanbasicgame-pabloandino0804-bit","timeElapsed":47289,"timestamp":"2025-09-14T13:58:59.371Z"}
{"level":"info","message":"🚀 Program executed \u001b[3m\u001b[34mpgmProgram.pacmanGame\u001b[39m\u001b[23m on \u001b[3m\u001b[34mc:\\Users\\Andrea\\Desktop\\Programacion con obj1\\pacmanbasicgame-pabloandino0804-bit\u001b[39m\u001b[23m","ok":true,"timeElapsed":3511,"timestamp":"2025-09-14T13:59:16.623Z"}
{"exitCode":"SIGHUP","level":"info","message":"👾 Game executed pgmProgram.pacmanGame on c:\\Users\\Andrea\\Desktop\\Programacion con obj1\\pacmanbasicgame-pabloandino0804-bit","timeElapsed":50233,"timestamp":"2025-09-14T14:00:03.336Z"}
{"level":"info","message":"🚀 Program executed \u001b[3m\u001b[34mpgmProgram.pacmanGame\u001b[39m\u001b[23m on \u001b[3m\u001b[34mc:\\Users\\Andrea\\Desktop\\Programacion con obj1\\pacmanbasicgame-pabloandino0804-bit\u001b[39m\u001b[23m","ok":true,"timeElapsed":4381,"timestamp":"2025-09-14T14:02:55.837Z"}
{"level":"info","message":"⌛ Building environment","timeElapsed":1417,"timestamp":"2025-09-14T14:04:34.379Z"}
{"level":"info","message":"⌛ Building environment","timeElapsed":1742,"timestamp":"2025-09-14T14:04:36.179Z"}
{"level":"error","message":"✘ Completions for node Send ([33:6, 33:25] - example.wlk) failed: Error: [Send]{be27cd} at example.wlk:33 exhausted all cases without a match [Send]{be27cd} at example.wlk:33 exhausted all cases without a match","stack":"Error: [Send]{be27cd} at example.wlk:33 exhausted all cases without a match\n    at c:\\Users\\Andrea\\.vscode\\extensions\\uqbar.wollok-lsp-ide-0.5.3\\out\\server\\src\\server.js:38:6142\n    at D2 (c:\\Users\\Andrea\\.vscode\\extensions\\uqbar.wollok-lsp-ide-0.5.3\\out\\server\\src\\server.js:2384:42)\n    at c:\\Users\\Andrea\\.vscode\\extensions\\uqbar.wollok-lsp-ide-0.5.3\\out\\server\\src\\server.js:2384:2988\n    at c:\\Users\\Andrea\\.vscode\\extensions\\uqbar.wollok-lsp-ide-0.5.3\\out\\server\\src\\server.js:2393:8440\n    at c:\\Users\\Andrea\\.vscode\\extensions\\uqbar.wollok-lsp-ide-0.5.3\\out\\server\\src\\server.js:37:74872\n    at Ye (c:\\Users\\Andrea\\.vscode\\extensions\\uqbar.wollok-lsp-ide-0.5.3\\out\\server\\src\\server.js:7:8527)\n    at qt (c:\\Users\\Andrea\\.vscode\\extensions\\uqbar.wollok-lsp-ide-0.5.3\\out\\server\\src\\server.js:7:6189)\n    at ot (c:\\Users\\Andrea\\.vscode\\extensions\\uqbar.wollok-lsp-ide-0.5.3\\out\\server\\src\\server.js:7:6378)\n    at Immediate._onImmediate (c:\\Users\\Andrea\\.vscode\\extensions\\uqbar.wollok-lsp-ide-0.5.3\\out\\server\\src\\server.js:7:6142)\n    at process.processImmediate (node:internal/timers:485:21)","timestamp":"2025-09-14T14:04:36.407Z"}
{"level":"error","message":"✘ Completions for node Send ([33:6, 33:30] - example.wlk) failed: Error: [Send]{57dbd3} at example.wlk:33 exhausted all cases without a match [Send]{57dbd3} at example.wlk:33 exhausted all cases without a match","stack":"Error: [Send]{57dbd3} at example.wlk:33 exhausted all cases without a match\n    at c:\\Users\\Andrea\\.vscode\\extensions\\uqbar.wollok-lsp-ide-0.5.3\\out\\server\\src\\server.js:38:6142\n    at D2 (c:\\Users\\Andrea\\.vscode\\extensions\\uqbar.wollok-lsp-ide-0.5.3\\out\\server\\src\\server.js:2384:42)\n    at Qh (c:\\Users\\Andrea\\.vscode\\extensions\\uqbar.wollok-lsp-ide-0.5.3\\out\\server\\src\\server.js:2384:1092)\n    at D2 (c:\\Users\\Andrea\\.vscode\\extensions\\uqbar.wollok-lsp-ide-0.5.3\\out\\server\\src\\server.js:2384:544)\n    at c:\\Users\\Andrea\\.vscode\\extensions\\uqbar.wollok-lsp-ide-0.5.3\\out\\server\\src\\server.js:2384:2988\n    at c:\\Users\\Andrea\\.vscode\\extensions\\uqbar.wollok-lsp-ide-0.5.3\\out\\server\\src\\server.js:2393:8440\n    at c:\\Users\\Andrea\\.vscode\\extensions\\uqbar.wollok-lsp-ide-0.5.3\\out\\server\\src\\server.js:37:74872\n    at Ye (c:\\Users\\Andrea\\.vscode\\extensions\\uqbar.wollok-lsp-ide-0.5.3\\out\\server\\src\\server.js:7:8527)\n    at qt (c:\\Users\\Andrea\\.vscode\\extensions\\uqbar.wollok-lsp-ide-0.5.3\\out\\server\\src\\server.js:7:6189)\n    at ot (c:\\Users\\Andrea\\.vscode\\extensions\\uqbar.wollok-lsp-ide-0.5.3\\out\\server\\src\\server.js:7:6378)","timestamp":"2025-09-14T14:04:36.408Z"}
{"level":"error","message":"✘ Completions for node If ([33:3, 38:4] - example.wlk) failed: Error: [If]{6e3bb0} at example.wlk:33 exhausted all cases without a match [If]{6e3bb0} at example.wlk:33 exhausted all cases without a match","stack":"Error: [If]{6e3bb0} at example.wlk:33 exhausted all cases without a match\n    at c:\\Users\\Andrea\\.vscode\\extensions\\uqbar.wollok-lsp-ide-0.5.3\\out\\server\\src\\server.js:38:6142\n    at D2 (c:\\Users\\Andrea\\.vscode\\extensions\\uqbar.wollok-lsp-ide-0.5.3\\out\\server\\src\\server.js:2384:42)\n    at Qh (c:\\Users\\Andrea\\.vscode\\extensions\\uqbar.wollok-lsp-ide-0.5.3\\out\\server\\src\\server.js:2384:1092)\n    at D2 (c:\\Users\\Andrea\\.vscode\\extensions\\uqbar.wollok-lsp-ide-0.5.3\\out\\server\\src\\server.js:2384:544)\n    at Qh (c:\\Users\\Andrea\\.vscode\\extensions\\uqbar.wollok-lsp-ide-0.5.3\\out\\server\\src\\server.js:2384:1092)\n    at D2 (c:\\Users\\Andrea\\.vscode\\extensions\\uqbar.wollok-lsp-ide-0.5.3\\out\\server\\src\\server.js:2384:544)\n    at c:\\Users\\Andrea\\.vscode\\extensions\\uqbar.wollok-lsp-ide-0.5.3\\out\\server\\src\\server.js:2384:2988\n    at c:\\Users\\Andrea\\.vscode\\extensions\\uqbar.wollok-lsp-ide-0.5.3\\out\\server\\src\\server.js:2393:8440\n    at c:\\Users\\Andrea\\.vscode\\extensions\\uqbar.wollok-lsp-ide-0.5.3\\out\\server\\src\\server.js:37:74872\n    at Ye (c:\\Users\\Andrea\\.vscode\\extensions\\uqbar.wollok-lsp-ide-0.5.3\\out\\server\\src\\server.js:7:8527)","timestamp":"2025-09-14T14:04:36.410Z"}
{"level":"info","message":"⌛ Autocomplete - Send","timeElapsed":224,"timestamp":"2025-09-14T14:04:36.421Z"}
{"level":"info","message":"⌛ Validating example.wlk","timeElapsed":1850,"timestamp":"2025-09-14T14:04:38.407Z"}
{"level":"info","message":"⌛ Validating example.wlk","timeElapsed":1099,"timestamp":"2025-09-14T14:04:40.132Z"}
{"level":"info","message":"⌛ Building environment","timeElapsed":1187,"timestamp":"2025-09-14T14:04:41.331Z"}
{"level":"info","message":"⌛ Building environment","timeElapsed":847,"timestamp":"2025-09-14T14:04:42.250Z"}
{"level":"error","message":"✘ Completions for node Send ([42:6, 42:25] - example.wlk) failed: Error: [Send]{c15570} at example.wlk:42 exhausted all cases without a match [Send]{c15570} at example.wlk:42 exhausted all cases without a match","stack":"Error: [Send]{c15570} at example.wlk:42 exhausted all cases without a match\n    at c:\\Users\\Andrea\\.vscode\\extensions\\uqbar.wollok-lsp-ide-0.5.3\\out\\server\\src\\server.js:38:6142\n    at D2 (c:\\Users\\Andrea\\.vscode\\extensions\\uqbar.wollok-lsp-ide-0.5.3\\out\\server\\src\\server.js:2384:42)\n    at c:\\Users\\Andrea\\.vscode\\extensions\\uqbar.wollok-lsp-ide-0.5.3\\out\\server\\src\\server.js:2384:2988\n    at c:\\Users\\Andrea\\.vscode\\extensions\\uqbar.wollok-lsp-ide-0.5.3\\out\\server\\src\\server.js:2393:8440\n    at c:\\Users\\Andrea\\.vscode\\extensions\\uqbar.wollok-lsp-ide-0.5.3\\out\\server\\src\\server.js:37:74872\n    at Ye (c:\\Users\\Andrea\\.vscode\\extensions\\uqbar.wollok-lsp-ide-0.5.3\\out\\server\\src\\server.js:7:8527)\n    at qt (c:\\Users\\Andrea\\.vscode\\extensions\\uqbar.wollok-lsp-ide-0.5.3\\out\\server\\src\\server.js:7:6189)\n    at ot (c:\\Users\\Andrea\\.vscode\\extensions\\uqbar.wollok-lsp-ide-0.5.3\\out\\server\\src\\server.js:7:6378)\n    at Immediate._onImmediate (c:\\Users\\Andrea\\.vscode\\extensions\\uqbar.wollok-lsp-ide-0.5.3\\out\\server\\src\\server.js:7:6142)\n    at process.processImmediate (node:internal/timers:485:21)","timestamp":"2025-09-14T14:04:42.766Z"}
{"level":"error","message":"✘ Completions for node Send ([42:6, 42:43] - example.wlk) failed: Error: [Send]{b8e9ad} at example.wlk:42 exhausted all cases without a match [Send]{b8e9ad} at example.wlk:42 exhausted all cases without a match","stack":"Error: [Send]{b8e9ad} at example.wlk:42 exhausted all cases without a match\n    at c:\\Users\\Andrea\\.vscode\\extensions\\uqbar.wollok-lsp-ide-0.5.3\\out\\server\\src\\server.js:38:6142\n    at D2 (c:\\Users\\Andrea\\.vscode\\extensions\\uqbar.wollok-lsp-ide-0.5.3\\out\\server\\src\\server.js:2384:42)\n    at Qh (c:\\Users\\Andrea\\.vscode\\extensions\\uqbar.wollok-lsp-ide-0.5.3\\out\\server\\src\\server.js:2384:1092)\n    at D2 (c:\\Users\\Andrea\\.vscode\\extensions\\uqbar.wollok-lsp-ide-0.5.3\\out\\server\\src\\server.js:2384:544)\n    at c:\\Users\\Andrea\\.vscode\\extensions\\uqbar.wollok-lsp-ide-0.5.3\\out\\server\\src\\server.js:2384:2988\n    at c:\\Users\\Andrea\\.vscode\\extensions\\uqbar.wollok-lsp-ide-0.5.3\\out\\server\\src\\server.js:2393:8440\n    at c:\\Users\\Andrea\\.vscode\\extensions\\uqbar.wollok-lsp-ide-0.5.3\\out\\server\\src\\server.js:37:74872\n    at Ye (c:\\Users\\Andrea\\.vscode\\extensions\\uqbar.wollok-lsp-ide-0.5.3\\out\\server\\src\\server.js:7:8527)\n    at qt (c:\\Users\\Andrea\\.vscode\\extensions\\uqbar.wollok-lsp-ide-0.5.3\\out\\server\\src\\server.js:7:6189)\n    at ot (c:\\Users\\Andrea\\.vscode\\extensions\\uqbar.wollok-lsp-ide-0.5.3\\out\\server\\src\\server.js:7:6378)","timestamp":"2025-09-14T14:04:42.767Z"}
{"level":"error","message":"✘ Completions for node If ([42:3, 47:4] - example.wlk) failed: Error: [If]{01b099} at example.wlk:42 exhausted all cases without a match [If]{01b099} at example.wlk:42 exhausted all cases without a match","stack":"Error: [If]{01b099} at example.wlk:42 exhausted all cases without a match\n    at c:\\Users\\Andrea\\.vscode\\extensions\\uqbar.wollok-lsp-ide-0.5.3\\out\\server\\src\\server.js:38:6142\n    at D2 (c:\\Users\\Andrea\\.vscode\\extensions\\uqbar.wollok-lsp-ide-0.5.3\\out\\server\\src\\server.js:2384:42)\n    at Qh (c:\\Users\\Andrea\\.vscode\\extensions\\uqbar.wollok-lsp-ide-0.5.3\\out\\server\\src\\server.js:2384:1092)\n    at D2 (c:\\Users\\Andrea\\.vscode\\extensions\\uqbar.wollok-lsp-ide-0.5.3\\out\\server\\src\\server.js:2384:544)\n    at Qh (c:\\Users\\Andrea\\.vscode\\extensions\\uqbar.wollok-lsp-ide-0.5.3\\out\\server\\src\\server.js:2384:1092)\n    at D2 (c:\\Users\\Andrea\\.vscode\\extensions\\uqbar.wollok-lsp-ide-0.5.3\\out\\server\\src\\server.js:2384:544)\n    at c:\\Users\\Andrea\\.vscode\\extensions\\uqbar.wollok-lsp-ide-0.5.3\\out\\server\\src\\server.js:2384:2988\n    at c:\\Users\\Andrea\\.vscode\\extensions\\uqbar.wollok-lsp-ide-0.5.3\\out\\server\\src\\server.js:2393:8440\n    at c:\\Users\\Andrea\\.vscode\\extensions\\uqbar.wollok-lsp-ide-0.5.3\\out\\server\\src\\server.js:37:74872\n    at Ye (c:\\Users\\Andrea\\.vscode\\extensions\\uqbar.wollok-lsp-ide-0.5.3\\out\\server\\src\\server.js:7:8527)","timestamp":"2025-09-14T14:04:42.772Z"}
{"level":"info","message":"⌛ Autocomplete - Send","timeElapsed":487,"timestamp":"2025-09-14T14:04:42.791Z"}
{"level":"info","message":"⌛ Validating example.wlk","timeElapsed":2078,"timestamp":"2025-09-14T14:04:45.172Z"}
{"level":"info","message":"⌛ Validating example.wlk","timeElapsed":2074,"timestamp":"2025-09-14T14:04:47.482Z"}
{"exitCode":"SIGHUP","level":"info","message":"👾 Game executed pgmProgram.pacmanGame on c:\\Users\\Andrea\\Desktop\\Programacion con obj1\\pacmanbasicgame-pabloandino0804-bit","timeElapsed":129924,"timestamp":"2025-09-14T14:05:01.354Z"}
{"level":"info","message":"🚀 Program executed \u001b[3m\u001b[34mpgmProgram.pacmanGame\u001b[39m\u001b[23m on \u001b[3m\u001b[34mc:\\Users\\Andrea\\Desktop\\Programacion con obj1\\pacmanbasicgame-pabloandino0804-bit\u001b[39m\u001b[23m","ok":true,"timeElapsed":4597,"timestamp":"2025-09-14T14:05:22.809Z"}
{"level":"info","message":"🚀 Program executed \u001b[3m\u001b[34mpgmProgram.pacmanGame\u001b[39m\u001b[23m on \u001b[3m\u001b[34mc:\\Users\\Andrea\\Desktop\\Programacion con obj1\\pacmanbasicgame-pabloandino0804-bit\u001b[39m\u001b[23m","ok":true,"timeElapsed":17234,"timestamp":"2025-09-16T18:05:18.200Z"}
{"exitCode":"SIGHUP","level":"info","message":"👾 Game executed pgmProgram.pacmanGame on c:\\Users\\Andrea\\Desktop\\Programacion con obj1\\pacmanbasicgame-pabloandino0804-bit","timeElapsed":492299,"timestamp":"2025-09-16T18:13:13.258Z"}
{"level":"info","message":"🚀 Program executed \u001b[3m\u001b[34mpgmProgram.pacmanGame\u001b[39m\u001b[23m on \u001b[3m\u001b[34mc:\\Users\\Andrea\\Desktop\\Programacion con obj1\\pacmanbasicgame-pabloandino0804-bit\u001b[39m\u001b[23m","ok":true,"timeElapsed":3317,"timestamp":"2025-09-16T18:13:28.159Z"}
{"exitCode":"SIGHUP","level":"info","message":"👾 Game executed pgmProgram.pacmanGame on c:\\Users\\Andrea\\Desktop\\Programacion con obj1\\pacmanbasicgame-pabloandino0804-bit","timeElapsed":83606,"timestamp":"2025-09-16T18:14:48.431Z"}
{"level":"info","message":"🚀 Program executed \u001b[3m\u001b[34mpgmProgram.pacmanGame\u001b[39m\u001b[23m on \u001b[3m\u001b[34mc:\\Users\\Andrea\\Desktop\\Programacion con obj1\\pacmanbasicgame-pabloandino0804-bit\u001b[39m\u001b[23m","ok":true,"timeElapsed":2846,"timestamp":"2025-09-16T18:19:37.627Z"}
{"exitCode":"SIGHUP","level":"info","message":"👾 Game executed pgmProgram.pacmanGame on c:\\Users\\Andrea\\Desktop\\Programacion con obj1\\pacmanbasicgame-pabloandino0804-bit","timeElapsed":236762,"timestamp":"2025-09-16T18:23:31.544Z"}
{"level":"info","message":"🚀 Program executed \u001b[3m\u001b[34mpgmProgram.pacmanGame\u001b[39m\u001b[23m on \u001b[3m\u001b[34mc:\\Users\\Andrea\\Desktop\\Programacion con obj1\\pacmanbasicgame-pabloandino0804-bit\u001b[39m\u001b[23m","ok":true,"timeElapsed":3730,"timestamp":"2025-09-16T18:24:33.146Z"}
{"exitCode":"SIGHUP","level":"info","message":"👾 Game executed pgmProgram.pacmanGame on c:\\Users\\Andrea\\Desktop\\Programacion con obj1\\pacmanbasicgame-pabloandino0804-bit","timeElapsed":260898,"timestamp":"2025-09-16T18:28:50.307Z"}
{"level":"info","message":"🚀 Program executed \u001b[3m\u001b[34mpgmProgram.pacmanGame\u001b[39m\u001b[23m on \u001b[3m\u001b[34mc:\\Users\\Andrea\\Desktop\\Programacion con obj1\\pacmanbasicgame-pabloandino0804-bit\u001b[39m\u001b[23m","ok":true,"timeElapsed":4248,"timestamp":"2025-09-16T18:29:13.781Z"}
{"exitCode":0,"level":"info","message":"👾 Game executed pgmProgram.pacmanGame on c:\\Users\\Andrea\\Desktop\\Programacion con obj1\\pacmanbasicgame-pabloandino0804-bit","timeElapsed":65891,"timestamp":"2025-09-16T18:30:15.418Z"}
{"level":"info","message":"🚀 Program executed \u001b[3m\u001b[34mpgmProgram.pacmanGame\u001b[39m\u001b[23m on \u001b[3m\u001b[34mc:\\Users\\Andrea\\Desktop\\Programacion con obj1\\pacmanbasicgame-pabloandino0804-bit\u001b[39m\u001b[23m","ok":true,"timeElapsed":4586,"timestamp":"2025-09-16T18:42:34.612Z"}
{"exitCode":0,"level":"info","message":"👾 Game executed pgmProgram.pacmanGame on c:\\Users\\Andrea\\Desktop\\Programacion con obj1\\pacmanbasicgame-pabloandino0804-bit","timeElapsed":31141,"timestamp":"2025-09-16T18:43:01.162Z"}
